geo_code,population,population_density_div10K,male,young,middle_age,drinking_age,population_age_avg_div100,single,family_size_avg_div10,market_income_avg_div100K,East_Asian,Southeast_Asian,West_Asian,Black,Latin_American,Aboriginal,dwelling_ownership,dwelling_value_avg_div1M,rent_price_avg_div_1K,secondary_education,postsecondary_education,in_labor_force_pct,Unemployment_rate
59010002,320,NULL,0.47,0.33,0.19,0.80,0.37,0.49,0.28,0.32,0.03,0.06,0.00,0.00,0.00,0.34,0.64,NULL,NULL,0.26,0.55,0.79,0.07
59010003,140,NULL,0.50,0.18,0.14,0.79,0.41,0.52,0.26,NULL,0.00,0.00,0.00,0.00,0.00,0.79,0.67,NULL,NULL,0.30,0.43,0.56,0.00
59010009,10470,0.05,0.48,0.17,0.16,0.56,0.45,0.43,0.27,0.41,0.03,0.01,0.01,0.01,0.00,0.10,0.68,0.30,0.88,0.33,0.50,0.61,0.09
59050001,12080,NULL,0.50,0.09,0.15,0.53,0.50,0.38,0.25,0.30,0.01,0.01,0.00,0.01,0.00,0.08,0.85,0.30,0.81,0.30,0.50,0.50,0.08
59050003,7710,0.02,0.48,0.16,0.15,0.55,0.47,0.46,0.26,0.40,0.01,0.01,0.01,0.01,0.00,0.10,0.68,0.22,0.74,0.29,0.51,0.53,0.10
59070001,9565,NULL,0.51,0.11,0.13,0.53,0.51,0.37,0.25,0.33,0.01,0.01,0.04,0.00,0.00,0.10,0.79,0.30,0.80,0.31,0.45,0.50,0.09
59070002,7890,NULL,0.50,0.09,0.16,0.60,0.49,0.30,0.26,0.45,0.01,0.00,0.00,0.00,0.00,0.07,0.87,0.53,1.08,0.29,0.56,0.57,0.07
59070004,11615,0.02,0.47,0.11,0.14,0.53,0.50,0.36,0.26,0.40,0.01,0.01,0.02,0.00,0.00,0.07,0.82,0.49,1.07,0.29,0.57,0.56,0.08
59070005,1785,NULL,0.48,0.10,0.13,0.82,0.51,0.39,0.26,0.28,0.01,0.00,0.00,0.01,0.00,0.36,0.88,NULL,NULL,0.30,0.45,0.39,0.13
59090033,185,NULL,0.51,0.22,0.16,0.56,0.30,0.63,0.34,NULL,0.05,0.00,0.00,0.00,0.00,0.97,0.70,NULL,NULL,0.20,0.40,0.42,0.20
59090037,295,0.02,0.51,0.15,0.15,0.78,0.44,0.47,0.26,0.25,0.00,0.00,0.00,0.00,0.00,0.37,0.81,NULL,NULL,0.29,0.39,0.49,0.08
59090038,130,0.01,0.50,0.27,0.19,0.62,0.30,0.65,0.38,NULL,0.00,0.00,0.00,0.00,0.00,1.00,0.57,NULL,NULL,0.29,0.41,0.53,0.22
59090052,7345,0.15,0.50,0.17,0.20,0.58,0.40,0.37,0.29,0.40,0.01,0.01,0.01,0.01,0.01,0.09,0.85,0.39,1.19,0.33,0.47,0.65,0.07
59090053,7335,0.30,0.50,0.21,0.19,0.60,0.38,0.33,0.31,0.31,0.03,0.01,0.65,0.00,0.00,0.02,0.76,0.59,0.92,0.34,0.37,0.66,0.10
59090062,5440,0.25,0.45,0.20,0.15,0.54,0.49,0.54,0.25,0.32,0.03,0.05,0.08,0.01,0.01,0.08,0.60,0.23,0.91,0.16,0.47,0.54,0.08
59090063,135,0.01,0.59,0.22,0.19,0.65,0.31,0.58,0.29,NULL,0.07,0.00,0.00,0.00,0.00,0.93,0.60,NULL,NULL,0.37,0.26,0.32,0.00
59090071,12020,0.18,0.48,0.18,0.20,0.60,0.40,0.34,0.29,0.57,0.05,0.01,0.09,0.01,0.01,0.05,0.87,0.62,1.21,0.32,0.55,0.68,0.04
59090084,11035,0.29,0.49,0.19,0.20,0.59,0.38,0.40,0.29,0.41,0.03,0.02,0.03,0.01,0.00,0.07,0.74,0.40,1.11,0.34,0.51,0.68,0.06
59090085,4915,NULL,0.52,0.13,0.17,0.60,0.46,0.36,0.27,0.42,0.02,0.01,0.01,0.01,0.00,0.06,0.88,0.48,0.98,0.21,0.47,0.59,0.05
59090087,11220,0.21,0.47,0.17,0.16,0.53,0.46,0.39,0.27,0.32,0.03,0.03,0.21,0.01,0.00,0.05,0.79,0.33,1.01,0.34,0.45,0.57,0.08
59150003,9885,0.02,0.49,0.11,0.16,0.77,0.46,0.32,0.29,1.09,0.13,0.01,0.06,0.00,0.01,0.01,0.88,2.28,2.24,0.09,0.69,0.59,0.06
59150005,4915,0.02,0.49,0.14,0.20,0.75,0.42,0.36,0.3,0.91,0.32,0.02,0.17,0.00,0.00,0.01,0.84,2.89,2.78,0.21,0.71,0.57,0.05
59150008,5240,0.03,0.50,0.14,0.20,0.75,0.42,0.34,0.3,0.85,0.10,0.02,0.11,0.01,0.00,0.03,0.82,1.80,2.00,0.20,0.69,0.66,0.05
59150009,5835,0.12,0.47,0.13,0.23,0.71,0.42,0.37,0.3,0.59,0.11,0.03,0.07,0.01,0.01,0.03,0.84,1.12,1.58,0.14,0.64,0.69,0.04
59150017,2930,0.17,0.48,0.21,0.22,0.82,0.42,0.52,0.27,0.31,0.07,0.01,0.26,0.01,0.00,0.35,0.27,NULL,NULL,0.23,0.62,0.56,0.13
59150021,20195,NULL,0.48,0.28,0.19,0.74,0.36,0.47,0.29,0.60,0.38,0.02,0.08,0.00,0.02,0.01,0.55,1.43,1.75,0.26,0.51,0.54,0.09
59150030,7305,0.25,0.49,0.22,0.24,0.81,0.41,0.45,0.28,0.53,0.05,0.09,0.08,0.00,0.01,0.03,0.54,0.96,1.36,0.15,0.66,0.74,0.05
59150038,5870,0.80,0.48,0.34,0.21,0.75,0.38,0.48,0.27,0.60,0.13,0.02,0.03,0.00,0.02,0.02,0.46,1.43,1.62,0.17,0.76,0.76,0.06
59150054,4980,0.31,0.49,0.22,0.22,0.81,0.45,0.61,0.27,0.40,0.33,0.05,0.03,0.02,0.01,0.09,0.31,0.99,0.83,0.15,0.48,0.59,0.08
59150057,13155,1.36,0.44,0.41,0.23,0.82,0.42,0.58,0.22,0.54,0.12,0.03,0.04,0.01,0.02,0.04,0.25,0.75,1.27,0.18,0.79,0.80,0.05
59150064,12555,0.29,0.47,0.22,0.20,0.82,0.43,0.46,0.29,0.75,0.34,0.04,0.05,0.01,0.01,0.01,0.62,2.29,1.55,0.10,0.72,0.66,0.06
59150067,5895,0.83,0.46,0.36,0.28,0.80,0.39,0.50,0.24,0.57,0.11,0.05,0.04,0.01,0.01,0.04,0.30,1.03,1.25,0.17,0.80,0.84,0.05
59150077,8065,0.62,0.48,0.23,0.21,0.69,0.42,0.49,0.29,0.42,0.40,0.10,0.03,0.01,0.02,0.04,0.62,1.27,1.11,0.28,0.53,0.66,0.05
59150083,9000,0.22,0.48,0.20,0.19,0.63,0.42,0.41,0.3,0.68,0.54,0.05,0.04,0.00,0.01,0.01,0.73,2.71,1.44,0.11,0.64,0.54,0.07
59150085,6110,0.48,0.48,0.22,0.18,0.66,0.43,0.52,0.29,0.31,0.50,0.13,0.05,0.00,0.02,0.04,0.50,1.36,1.04,0.17,0.40,0.57,0.07
59150090,8700,0.06,0.49,0.27,0.22,0.67,0.36,0.46,0.29,0.49,0.28,0.02,0.07,0.02,0.03,0.03,0.55,0.79,1.39,0.12,0.60,0.64,0.08
59150093,9935,0.49,0.48,0.22,0.19,0.67,0.42,0.46,0.29,0.39,0.61,0.07,0.04,0.00,0.01,0.01,0.64,2.00,1.26,0.29,0.58,0.58,0.07
59150095,8100,0.53,0.48,0.23,0.21,0.67,0.41,0.46,0.3,0.43,0.41,0.13,0.11,0.01,0.02,0.02,0.60,1.89,1.19,0.11,0.62,0.63,0.05
59150098,6960,0.70,0.49,0.22,0.23,0.79,0.40,0.47,0.3,0.39,0.30,0.24,0.11,0.01,0.02,0.03,0.59,1.34,1.21,0.29,0.53,0.70,0.06
59150099,7140,0.23,0.48,0.20,0.19,0.65,0.44,0.46,0.29,0.39,0.33,0.11,0.21,0.02,0.02,0.02,0.67,1.00,1.10,0.16,0.54,0.62,0.07
59150110,7305,0.53,0.50,0.28,0.26,0.88,0.41,0.59,0.26,0.35,0.24,0.17,0.05,0.03,0.02,0.04,0.11,0.47,0.99,0.31,0.61,0.73,0.07
59150111,5980,0.74,0.47,0.20,0.19,0.67,0.43,0.47,0.3,0.29,0.66,0.17,0.05,0.01,0.01,0.02,0.55,1.39,0.87,0.35,0.37,0.55,0.08
59150112,8615,0.78,0.49,0.23,0.20,0.65,0.41,0.46,0.31,0.31,0.34,0.19,0.32,0.00,0.03,0.02,0.57,1.44,1.04,0.31,0.43,0.63,0.06
59150114,9320,0.17,0.49,0.20,0.18,0.65,0.43,0.41,0.29,0.43,0.34,0.06,0.11,0.01,0.02,0.02,0.75,1.24,1.18,0.12,0.63,0.60,0.05
59150115,4945,0.30,0.47,0.16,0.22,0.63,0.41,0.34,0.29,0.58,0.76,0.02,0.02,0.01,0.01,0.01,0.89,1.30,1.69,0.16,0.58,0.52,0.07
59150119,9460,0.56,0.48,0.22,0.21,0.67,0.42,0.46,0.28,0.37,0.45,0.09,0.12,0.01,0.02,0.02,0.66,0.91,1.05,0.27,0.59,0.61,0.07
59150120,5255,0.78,0.49,0.22,0.20,0.79,0.41,0.51,0.3,0.30,0.54,0.16,0.08,0.01,0.03,0.02,0.53,1.28,0.98,0.21,0.48,0.63,0.07
59150121,7165,0.56,0.49,0.22,0.18,0.67,0.43,0.44,0.3,0.34,0.61,0.14,0.12,0.01,0.01,0.01,0.65,1.52,1.05,0.33,0.44,0.62,0.07
59150124,6825,0.30,0.49,0.16,0.21,0.64,0.40,0.35,0.31,0.49,0.41,0.04,0.15,0.00,0.01,0.01,0.89,1.00,1.44,0.14,0.61,0.60,0.04
59150125,12950,0.06,0.49,0.19,0.23,0.67,0.38,0.37,0.31,0.46,0.44,0.04,0.15,0.00,0.01,0.02,0.81,0.97,1.41,0.27,0.63,0.63,0.07
59150127,5485,0.59,0.50,0.21,0.18,0.61,0.42,0.43,0.3,0.37,0.57,0.17,0.12,0.01,0.01,0.01,0.71,1.68,1.19,0.15,0.50,0.58,0.07
59150128,10655,0.39,0.47,0.19,0.21,0.65,0.44,0.45,0.29,0.44,0.38,0.10,0.12,0.02,0.02,0.02,0.62,1.09,1.16,0.28,0.58,0.66,0.05
59150129,5185,0.46,0.47,0.23,0.20,0.72,0.46,0.47,0.25,0.37,0.42,0.06,0.07,0.01,0.03,0.01,0.54,0.45,1.03,0.13,0.66,0.60,0.07
59150146,7165,0.33,0.50,0.25,0.20,0.80,0.40,0.45,0.29,0.40,0.28,0.05,0.16,0.02,0.02,0.02,0.56,0.83,1.08,0.32,0.55,0.64,0.07
59150152,6040,0.41,0.49,0.15,0.20,0.61,0.42,0.37,0.3,0.43,0.41,0.10,0.07,0.00,0.00,0.02,0.88,1.11,1.54,0.14,0.63,0.64,0.06
59150154,7270,0.16,0.50,0.18,0.20,0.61,0.41,0.42,0.31,0.47,0.29,0.08,0.16,0.02,0.03,0.03,0.73,1.10,1.26,0.13,0.63,0.65,0.06
59150155,6540,0.01,0.49,0.18,0.20,0.63,0.42,0.39,0.28,0.45,0.04,0.05,0.06,0.01,0.01,0.04,0.73,0.62,1.19,0.35,0.49,0.68,0.05
59150166,9580,0.66,0.49,0.24,0.19,0.68,0.42,0.48,0.3,0.32,0.27,0.17,0.18,0.06,0.03,0.02,0.42,0.92,0.96,0.29,0.55,0.64,0.07
59150175,7660,0.34,0.49,0.19,0.24,0.78,0.40,0.47,0.29,0.39,0.16,0.09,0.09,0.01,0.02,0.05,0.66,0.59,0.99,0.31,0.53,0.66,0.06
59150179,10250,0.15,0.50,0.18,0.23,0.65,0.39,0.35,0.3,0.48,0.13,0.04,0.06,0.01,0.01,0.04,0.87,0.74,1.35,0.30,0.57,0.71,0.04
59150183,12685,0.14,0.49,0.17,0.21,0.63,0.41,0.39,0.3,0.47,0.15,0.05,0.09,0.01,0.02,0.04,0.81,0.90,1.24,0.31,0.54,0.67,0.06
59150203,6125,0.17,0.50,0.18,0.21,0.73,0.38,0.37,0.33,0.41,0.38,0.11,0.16,0.01,0.02,0.02,0.83,1.04,1.22,0.15,0.56,0.65,0.04
59150204,5670,0.21,0.50,0.18,0.21,0.76,0.40,0.35,0.31,0.46,0.12,0.03,0.19,0.01,0.01,0.04,0.85,0.84,1.27,0.17,0.54,0.68,0.06
59150205,7495,0.38,0.51,0.23,0.21,0.77,0.38,0.44,0.31,0.34,0.03,0.08,0.51,0.02,0.02,0.03,0.61,0.81,0.97,0.33,0.43,0.67,0.07
59150217,7885,0.37,0.49,0.21,0.20,0.77,0.39,0.42,0.31,0.36,0.22,0.23,0.17,0.02,0.02,0.02,0.79,0.52,1.01,0.31,0.53,0.68,0.06
59150219,8245,0.61,0.47,0.18,0.19,0.66,0.44,0.46,0.28,0.34,0.18,0.22,0.13,0.03,0.02,0.02,0.65,0.35,0.97,0.32,0.49,0.59,0.07
59150227,6490,0.28,0.48,0.15,0.18,0.58,0.43,0.38,0.29,0.48,0.09,0.04,0.10,0.01,0.01,0.04,0.81,0.83,1.21,0.36,0.51,0.67,0.03
59150229,7765,0.30,0.50,0.22,0.20,0.75,0.38,0.39,0.31,0.33,0.08,0.16,0.45,0.01,0.02,0.02,0.68,0.75,1.02,0.34,0.44,0.66,0.08
59150233,7840,0.59,0.49,0.22,0.20,0.62,0.37,0.41,0.32,0.30,0.03,0.05,0.71,0.05,0.01,0.02,0.59,0.54,0.87,0.36,0.38,0.62,0.09
59150235,7950,0.30,0.48,0.18,0.21,0.64,0.41,0.46,0.3,0.34,0.05,0.13,0.27,0.02,0.03,0.07,0.72,0.27,1.13,0.35,0.42,0.65,0.08
59150238,5895,0.46,0.51,0.24,0.21,0.71,0.35,0.38,0.34,0.28,0.01,0.04,0.79,0.04,0.01,0.02,0.60,0.72,0.87,0.37,0.34,0.60,0.07
59150242,10910,0.28,0.50,0.24,0.20,0.63,0.36,0.42,0.32,0.29,0.03,0.05,0.69,0.02,0.02,0.03,0.52,0.67,0.90,0.36,0.36,0.63,0.08
59150243,815,0.01,0.51,0.13,0.15,0.60,0.49,0.40,0.26,0.64,0.05,0.01,0.01,0.00,0.00,0.31,0.91,NULL,NULL,0.33,0.55,0.50,0.08
59150245,8430,0.24,0.49,0.18,0.19,0.63,0.43,0.44,0.28,0.42,0.04,0.04,0.03,0.01,0.01,0.06,0.70,0.52,1.05,0.35,0.47,0.67,0.05
59150246,16825,0.27,0.48,0.19,0.18,0.63,0.45,0.49,0.27,0.37,0.04,0.04,0.04,0.01,0.01,0.05,0.66,0.41,0.97,0.34,0.47,0.62,0.06
59150248,9820,0.73,0.49,0.23,0.22,0.62,0.37,0.40,0.31,0.33,0.08,0.06,0.60,0.02,0.01,0.03,0.69,0.50,0.93,0.31,0.47,0.65,0.07
59150257,9575,0.37,0.50,0.22,0.21,0.64,0.37,0.40,0.32,0.38,0.03,0.09,0.64,0.03,0.01,0.02,0.70,0.92,0.82,0.36,0.44,0.64,0.07
59150259,6950,0.27,0.49,0.17,0.27,0.60,0.34,0.34,0.33,0.53,0.06,0.06,0.22,0.01,0.02,0.04,0.85,0.77,1.24,0.31,0.53,0.74,0.04
59150262,6780,0.51,0.51,0.21,0.21,0.73,0.37,0.37,0.32,0.33,0.02,0.04,0.71,0.01,0.01,0.02,0.70,0.72,0.97,0.34,0.39,0.68,0.08
59150263,5505,0.41,0.47,0.17,0.19,0.56,0.42,0.44,0.3,0.32,0.04,0.04,0.46,0.03,0.04,0.05,0.64,0.50,0.91,0.38,0.39,0.57,0.10
59150265,11475,0.17,0.48,0.17,0.24,0.62,0.37,0.37,0.31,0.49,0.05,0.03,0.05,0.01,0.01,0.05,0.89,0.58,1.26,0.34,0.53,0.74,0.05
59150266,11115,0.18,0.50,0.22,0.21,0.63,0.38,0.37,0.32,0.40,0.04,0.06,0.66,0.01,0.00,0.01,0.75,1.03,1.09,0.33,0.46,0.67,0.07
59150268,10900,0.41,0.50,0.24,0.22,0.63,0.35,0.38,0.32,0.32,0.03,0.11,0.69,0.02,0.02,0.01,0.59,0.80,0.78,0.32,0.44,0.68,0.09
59150280,5225,0.08,0.49,0.12,0.18,0.57,0.44,0.36,0.3,0.61,0.17,0.02,0.04,0.00,0.00,0.03,0.75,1.94,1.35,0.12,0.64,0.58,0.03
59150281,90,0.01,0.50,0.22,0.17,0.80,0.37,0.60,0.27,NULL,0.00,0.00,0.00,0.00,0.00,0.86,0.71,NULL,NULL,0.29,0.29,0.63,0.00
59150284,8250,0.63,0.50,0.29,0.25,0.68,0.33,0.39,0.29,0.47,0.08,0.07,0.09,0.02,0.01,0.06,0.73,0.51,1.24,0.35,0.55,0.79,0.05
59150290,7630,0.25,0.47,0.13,0.23,0.57,0.41,0.32,0.29,0.71,0.24,0.02,0.05,0.01,0.01,0.02,0.91,1.08,1.65,0.13,0.67,0.63,0.04
59150291,11525,0.28,0.48,0.23,0.21,0.68,0.41,0.47,0.27,0.40,0.05,0.06,0.03,0.01,0.02,0.06,0.62,0.40,1.04,0.34,0.48,0.70,0.06
59150304,5330,0.23,0.48,0.11,0.17,0.52,0.49,0.37,0.27,0.47,0.06,0.03,0.04,0.01,0.01,0.03,0.90,0.79,1.31,0.14,0.54,0.59,0.04
59150306,9270,0.01,0.51,0.16,0.18,0.61,0.43,0.37,0.29,0.45,0.03,0.03,0.05,0.00,0.01,0.06,0.76,0.97,1.23,0.39,0.42,0.65,0.04
59150308,11360,0.12,0.49,0.18,0.21,0.61,0.38,0.43,0.3,0.39,0.03,0.04,0.06,0.02,0.01,0.08,0.73,0.50,0.97,0.35,0.43,0.69,0.06
59150309,470,0.17,0.45,0.01,0.01,0.32,0.71,0.30,0.21,0.27,0.00,0.00,0.00,0.00,0.00,0.05,0.96,NULL,NULL,0.08,0.40,0.20,0.00
59150315,5190,0.21,0.50,0.19,0.23,0.66,0.39,0.37,0.31,0.43,0.36,0.21,0.18,0.00,0.02,0.01,0.82,0.79,1.40,0.21,0.54,0.72,0.05
59150320,9310,0.41,0.46,0.13,0.20,0.60,0.44,0.41,0.29,0.50,0.33,0.06,0.04,0.01,0.01,0.03,0.67,1.05,1.29,0.29,0.60,0.63,0.06
59150325,6800,0.16,0.49,0.22,0.20,0.66,0.42,0.41,0.3,0.36,0.43,0.16,0.25,0.00,0.01,0.01,0.78,0.88,1.24,0.32,0.52,0.65,0.07
59150327,7635,0.28,0.49,0.19,0.18,0.66,0.43,0.37,0.3,0.38,0.70,0.06,0.07,0.00,0.00,0.00,0.90,1.35,1.68,0.29,0.57,0.56,0.04
59150334,5290,1.91,0.48,0.38,0.23,0.78,0.35,0.50,0.26,0.30,0.39,0.23,0.10,0.02,0.03,0.02,0.24,0.55,1.09,0.15,0.62,0.67,0.08
59170006,5690,0.03,0.49,0.10,0.13,0.53,0.51,0.29,0.26,0.65,0.02,0.01,0.01,0.00,0.00,0.02,0.87,0.94,1.23,0.10,0.68,0.54,0.05
59170009,5560,0.03,0.49,0.10,0.15,0.54,0.49,0.28,0.26,0.62,0.02,0.01,0.01,0.01,0.00,0.04,0.89,0.85,1.19,0.11,0.65,0.56,0.04
59170011,5405,0.19,0.44,0.10,0.11,0.45,0.56,0.41,0.25,0.39,0.01,0.04,0.01,0.00,0.00,0.04,0.76,0.49,1.23,0.15,0.55,0.45,0.03
59170013,8680,0.03,0.47,0.15,0.15,0.55,0.48,0.39,0.27,0.48,0.02,0.01,0.01,0.01,0.00,0.07,0.77,0.64,1.21,0.32,0.57,0.62,0.04
59170018,1690,0.06,0.48,0.11,0.10,0.82,0.51,0.40,0.26,0.25,0.01,0.01,0.00,0.01,0.00,0.40,0.92,NULL,NULL,0.27,0.48,0.42,0.11
59170023,10410,0.07,0.49,0.16,0.21,0.62,0.43,0.39,0.27,0.47,0.04,0.02,0.06,0.01,0.01,0.06,0.72,0.59,1.22,0.28,0.59,0.67,0.04
59170028,225,0.03,0.49,0.18,0.22,0.68,0.37,0.46,0.31,NULL,0.00,0.00,0.00,0.00,0.00,0.77,0.65,NULL,NULL,0.31,0.43,0.66,0.13
59170030,6525,0.23,0.49,0.19,0.20,0.63,0.39,0.41,0.29,0.39,0.07,0.05,0.07,0.02,0.01,0.05,0.71,0.55,1.21,0.32,0.52,0.70,0.04
59170032,7565,0.16,0.49,0.21,0.19,0.63,0.42,0.44,0.28,0.43,0.12,0.04,0.09,0.01,0.01,0.04,0.63,0.64,1.14,0.15,0.57,0.66,0.05
59170036,11660,0.14,0.49,0.16,0.16,0.54,0.45,0.36,0.28,0.61,0.13,0.01,0.08,0.00,0.01,0.02,0.81,1.02,1.36,0.09,0.67,0.56,0.07
59170039,6225,0.25,0.49,0.21,0.20,0.66,0.44,0.49,0.25,0.41,0.04,0.04,0.01,0.01,0.01,0.09,0.55,0.51,1.02,0.32,0.56,0.67,0.06
59170049,9410,0.41,0.46,0.26,0.20,0.66,0.41,0.51,0.27,0.38,0.10,0.06,0.03,0.01,0.01,0.07,0.54,0.54,1.08,0.31,0.58,0.69,0.06
59170051,125,NULL,0.48,0.24,0.24,0.70,0.35,0.50,0.3,NULL,0.00,0.00,0.00,0.00,0.00,0.81,0.56,NULL,NULL,0.25,0.35,0.55,0.18
59170053,6180,0.68,0.45,0.18,0.15,0.56,0.53,0.56,0.23,0.47,0.05,0.01,0.03,0.01,0.01,0.07,0.35,0.58,1.07,0.12,0.67,0.57,0.06
59170058,9850,0.29,0.45,0.16,0.18,0.58,0.47,0.42,0.26,0.55,0.03,0.01,0.02,0.00,0.01,0.03,0.59,0.89,1.27,0.11,0.71,0.63,0.05
59170112,11430,0.25,0.52,0.22,0.20,0.67,0.43,0.52,0.26,0.42,0.03,0.03,0.02,0.02,0.01,0.09,0.45,0.53,1.05,0.32,0.54,0.65,0.07
59190020,8560,NULL,0.51,0.15,0.21,0.63,0.41,0.35,0.28,0.45,0.01,0.01,0.01,0.01,0.00,0.07,0.85,0.50,1.11,0.29,0.55,0.71,0.06
59190023,70,0.04,0.50,0.07,0.07,0.84,0.54,0.54,0.23,NULL,0.00,0.00,0.00,0.00,0.00,0.18,0.83,NULL,NULL,0.30,0.80,0.40,0.00
59190029,5445,0.01,0.48,0.11,0.12,0.53,0.53,0.36,0.24,0.35,0.03,0.01,0.01,0.00,0.00,0.09,0.79,0.40,0.93,0.16,0.55,0.49,0.08
59190036,5780,0.02,0.49,0.12,0.15,0.56,0.47,0.33,0.27,0.45,0.01,0.01,0.03,0.00,0.00,0.07,0.88,0.48,1.04,0.18,0.55,0.58,0.05
59210001,11610,NULL,0.51,0.12,0.17,0.60,0.47,0.37,0.26,0.35,0.01,0.02,0.00,0.01,0.00,0.10,0.76,0.45,0.89,0.31,0.51,0.56,0.09
59210013,6820,0.11,0.47,0.19,0.19,0.58,0.43,0.43,0.28,0.41,0.04,0.02,0.02,0.01,0.00,0.07,0.71,0.40,1.11,0.33,0.54,0.68,0.06
59210014,6600,0.09,0.49,0.15,0.17,0.57,0.45,0.33,0.26,0.45,0.07,0.03,0.02,0.01,0.01,0.05,0.79,0.55,1.11,0.15,0.65,0.59,0.07
59210020,4030,0.01,0.48,0.06,0.13,0.53,0.56,0.34,0.23,0.32,0.01,0.01,0.00,0.00,0.00,0.07,0.83,0.45,0.81,0.24,0.66,0.46,0.10
59210022,6760,0.03,0.51,0.20,0.20,0.63,0.41,0.44,0.27,0.38,0.02,0.01,0.02,0.00,0.00,0.09,0.74,0.32,0.99,0.32,0.51,0.63,0.06
59210023,360,0.18,0.50,0.21,0.21,0.69,0.35,0.53,0.31,0.23,0.00,0.00,0.00,0.00,0.00,0.97,0.70,NULL,NULL,0.20,0.49,0.47,0.23
59210024,370,0.02,0.54,0.20,0.19,0.65,0.35,0.50,0.34,0.26,0.00,0.00,0.00,0.00,0.00,0.91,0.75,NULL,NULL,0.29,0.29,0.46,0.19
59230003,40,0.03,0.63,0.13,0.13,0.88,0.49,0.75,0.4,NULL,0.00,0.00,0.00,0.00,0.00,0.89,0.50,NULL,NULL,0.29,0.57,0.50,0.50
59230004,6745,NULL,0.51,0.12,0.16,0.58,0.48,0.33,0.26,0.39,0.01,0.01,0.01,0.00,0.00,0.08,0.87,0.41,0.74,0.31,0.47,0.57,0.10
59230010,540,0.01,0.51,0.23,0.20,0.60,0.32,0.52,0.32,0.27,0.00,0.00,0.00,0.02,0.00,0.94,0.72,NULL,NULL,0.18,0.35,0.61,0.19
59230011,8980,0.08,0.49,0.15,0.17,0.57,0.44,0.45,0.27,0.34,0.01,0.01,0.02,0.00,0.00,0.16,0.71,0.23,0.81,0.28,0.46,0.54,0.12
59230012,120,0.03,0.42,0.13,0.21,0.71,0.41,0.63,0.32,NULL,0.00,0.00,0.00,0.00,0.00,0.88,0.73,NULL,NULL,0.32,0.37,0.50,0.20
59230015,275,0.04,0.55,0.24,0.16,0.64,0.35,0.58,0.33,0.23,0.00,0.00,0.00,0.00,0.00,0.95,0.50,NULL,NULL,0.26,0.19,0.70,0.13
59240002,180,0.13,0.53,0.17,0.17,0.55,0.31,0.50,0.36,NULL,0.00,0.00,0.00,0.00,0.00,1.00,0.40,NULL,NULL,0.19,0.19,0.50,0.31
59240008,6285,0.01,0.51,0.16,0.16,0.61,0.46,0.41,0.25,0.36,0.01,0.01,0.01,0.00,0.00,0.14,0.68,0.33,0.94,0.32,0.44,0.60,0.12
59240011,385,0.03,0.51,0.16,0.18,0.75,0.41,0.49,0.3,0.28,0.00,0.00,0.00,0.00,0.00,0.86,0.82,NULL,NULL,0.24,0.48,0.62,0.22
59260007,10965,NULL,0.49,0.13,0.17,0.58,0.47,0.38,0.26,0.36,0.01,0.01,0.00,0.00,0.00,0.07,0.80,0.44,0.90,0.26,0.60,0.58,0.08
59290001,8770,NULL,0.50,0.10,0.16,0.57,0.50,0.35,0.25,0.41,0.02,0.01,0.00,0.01,0.00,0.07,0.80,0.70,0.99,0.28,0.58,0.56,0.07
59290004,10165,0.03,0.47,0.11,0.15,0.52,0.51,0.39,0.25,0.37,0.03,0.03,0.01,0.00,0.00,0.07,0.77,0.51,1.06,0.30,0.56,0.52,0.07
59310001,8120,NULL,0.51,0.15,0.25,0.64,0.41,0.36,0.27,0.43,0.02,0.01,0.01,0.00,0.00,0.13,0.80,0.49,1.00,0.30,0.55,0.71,0.07
59310022,135,NULL,0.52,0.19,0.22,0.81,0.40,0.48,0.26,NULL,0.00,0.00,0.00,0.00,0.00,0.96,0.80,NULL,NULL,0.52,0.35,0.30,0.00
59310030,50,0.18,0.50,0.00,0.30,1.10,0.47,0.44,0.22,NULL,0.00,0.20,0.00,0.00,0.00,0.30,0.83,NULL,NULL,0.40,0.30,0.67,0.00
59330002,60,0.01,0.67,0.42,0.08,0.67,0.27,0.67,0.3,NULL,0.00,0.00,0.00,0.00,0.00,1.00,0.67,NULL,NULL,0.25,0.25,0.50,0.00
59330007,220,NULL,0.55,0.16,0.23,0.73,0.39,0.49,0.27,NULL,0.00,0.00,0.00,0.00,0.00,0.93,0.82,NULL,NULL,0.32,0.44,0.73,0.20
59330012,4290,NULL,0.51,0.15,0.18,0.82,0.45,0.30,0.26,0.47,0.01,0.01,0.00,0.00,0.00,0.09,0.87,0.46,1.13,0.27,0.59,0.63,0.10
59330033,3020,NULL,0.48,0.15,0.16,0.82,0.45,0.39,0.25,0.55,0.04,0.01,0.01,0.00,0.00,0.34,0.80,NULL,NULL,0.32,0.55,0.60,0.09
59330036,2285,0.06,0.48,0.09,0.13,0.85,0.52,0.36,0.25,0.31,0.02,0.00,0.00,0.00,0.00,0.12,0.86,0.24,0.79,0.30,0.43,0.43,0.11
59330045,10880,0.02,0.49,0.20,0.20,0.61,0.40,0.34,0.29,0.52,0.03,0.02,0.05,0.01,0.00,0.07,0.84,0.44,1.26,0.30,0.60,0.68,0.06
59330049,140,NULL,0.50,0.21,0.18,0.75,0.38,0.50,0.3,NULL,0.00,0.00,0.00,0.00,0.00,0.89,0.60,NULL,NULL,0.32,0.36,0.46,0.30
59330067,65,0.01,0.38,0.31,0.15,0.66,0.30,0.50,0.28,NULL,0.00,0.00,0.00,0.00,0.00,0.92,0.75,NULL,NULL,0.22,0.44,0.67,0.33
59330068,65,NULL,0.62,0.15,0.23,0.93,0.44,0.36,0.25,NULL,0.00,0.00,0.00,0.00,0.00,1.00,1.00,NULL,NULL,0.18,0.45,0.55,0.33
59330083,125,NULL,0.48,0.12,0.16,0.72,0.45,0.45,0.26,NULL,0.00,0.00,0.00,0.00,0.00,0.96,0.80,NULL,NULL,0.10,0.65,0.52,0.18
59330084,150,NULL,0.50,0.30,0.10,0.80,0.41,0.52,0.29,NULL,0.00,0.00,0.00,0.00,0.00,0.97,0.75,NULL,NULL,0.32,0.36,0.64,0.13
59330086,320,NULL,0.50,0.20,0.20,0.73,0.37,0.63,0.29,0.21,0.00,0.00,0.00,0.00,0.00,0.86,0.87,NULL,NULL,0.25,0.37,0.63,0.34
59332000,2480,0.01,0.51,0.16,0.18,0.63,0.42,0.29,0.28,0.48,0.01,0.00,0.00,0.00,0.00,0.10,0.95,0.41,1.09,0.35,0.42,0.65,0.07
59350001,7955,NULL,0.51,0.15,0.21,0.61,0.42,0.31,0.28,0.48,0.03,0.01,0.01,0.00,0.00,0.06,0.91,0.56,1.49,0.31,0.58,0.66,0.07
59350004,15430,0.05,0.48,0.18,0.19,0.58,0.42,0.36,0.28,0.49,0.03,0.01,0.02,0.01,0.01,0.05,0.77,0.58,1.40,0.31,0.58,0.67,0.06
59350005,1665,0.08,0.45,0.11,0.13,0.87,0.52,0.39,0.24,0.31,0.00,0.02,0.01,0.02,0.00,0.07,0.91,NULL,NULL,0.38,0.41,0.57,0.10
59350006,7285,0.02,0.50,0.20,0.17,0.64,0.43,0.33,0.26,0.50,0.04,0.02,0.04,0.00,0.01,0.05,0.76,0.63,1.25,0.32,0.57,0.67,0.07
59350007,7460,0.05,0.50,0.16,0.21,0.59,0.41,0.30,0.28,0.47,0.03,0.02,0.02,0.00,0.01,0.06,0.86,0.47,1.41,0.32,0.54,0.67,0.06
59350008,11240,0.03,0.48,0.16,0.17,0.55,0.45,0.38,0.27,0.38,0.01,0.01,0.01,0.00,0.01,0.10,0.78,0.43,1.20,0.32,0.52,0.61,0.07
59350009,1415,0.04,0.48,0.15,0.17,0.81,0.45,0.37,0.26,0.38,0.02,0.04,0.01,0.01,0.00,0.10,0.86,NULL,NULL,0.34,0.46,0.62,0.10
59350012,7980,0.06,0.49,0.15,0.17,0.60,0.45,0.31,0.27,0.57,0.02,0.02,0.01,0.01,0.00,0.05,0.85,0.71,1.44,0.31,0.55,0.60,0.06
59350015,9800,0.29,0.46,0.31,0.16,0.67,0.44,0.57,0.24,0.39,0.04,0.02,0.03,0.02,0.01,0.07,0.44,0.51,1.08,0.29,0.60,0.67,0.08
59350018,6780,0.07,0.44,0.11,0.10,0.41,0.59,0.44,0.23,0.34,0.03,0.02,0.01,0.01,0.01,0.04,0.76,0.39,1.04,0.12,0.49,0.40,0.07
59370005,315,NULL,0.49,0.14,0.17,0.67,0.38,0.51,0.3,0.23,0.05,0.00,0.00,0.00,0.00,0.83,0.52,NULL,NULL,0.27,0.29,0.54,0.30
59370008,8665,0.03,0.47,0.15,0.16,0.56,0.48,0.46,0.26,0.36,0.02,0.01,0.02,0.00,0.00,0.09,0.63,0.42,0.95,0.31,0.48,0.54,0.09
59370009,1710,0.06,0.50,0.12,0.20,0.76,0.43,0.22,0.28,0.58,0.04,0.01,0.02,0.00,0.00,0.02,0.96,0.57,0.00,0.27,0.63,0.56,0.08
59390006,45,NULL,0.56,0.11,0.33,1.38,0.51,0.63,0.25,NULL,0.00,0.00,0.00,0.00,0.00,0.33,1.00,NULL,NULL,0.50,0.38,0.75,0.33
59390009,7860,0.04,0.47,0.12,0.15,0.51,0.47,0.37,0.27,0.45,0.01,0.01,0.01,0.00,0.00,0.09,0.83,0.40,1.09,0.16,0.58,0.58,0.06
59390011,7545,0.02,0.51,0.22,0.22,0.66,0.40,0.41,0.27,0.42,0.02,0.01,0.01,0.00,0.00,0.07,0.73,0.36,1.01,0.29,0.56,0.70,0.09
59410017,135,NULL,0.52,0.19,0.26,0.81,0.41,0.71,0.28,NULL,0.00,0.00,0.00,0.00,0.00,0.96,0.40,NULL,NULL,0.24,0.10,0.57,0.42
59410019,5995,NULL,0.52,0.13,0.17,0.61,0.44,0.32,0.26,0.40,0.01,0.00,0.00,0.00,0.00,0.11,0.87,0.29,0.66,0.30,0.47,0.63,0.09
59410020,155,0.01,0.55,0.13,0.32,0.77,0.39,0.44,0.28,NULL,0.00,0.00,0.00,0.00,0.00,0.97,0.45,NULL,NULL,0.20,0.20,0.71,0.59
59410056,90,NULL,0.50,0.22,0.17,0.75,0.42,0.27,0.27,NULL,0.00,0.00,0.00,0.00,0.00,0.94,NULL,NULL,NULL,0.13,0.53,0.60,0.56
59410073,230,NULL,0.52,0.20,0.20,0.60,0.35,0.66,0.28,NULL,0.00,0.00,0.00,0.00,0.00,1.00,0.13,NULL,NULL,0.34,0.43,0.63,0.23
59430001,9545,NULL,0.52,0.16,0.18,0.62,0.42,0.39,0.27,0.41,0.01,0.01,0.00,0.01,0.01,0.21,0.70,0.23,0.71,0.30,0.45,0.65,0.10
59430003,430,0.07,0.52,0.20,0.13,0.48,0.29,0.50,0.37,0.23,0.00,0.00,0.00,0.00,0.00,0.98,0.45,NULL,NULL,0.23,0.11,0.48,0.30
59430008,220,0.09,0.50,0.20,0.23,0.59,0.32,0.39,0.35,NULL,0.00,0.00,0.00,0.00,0.00,0.96,0.57,NULL,NULL,0.18,0.21,0.58,0.10
59450002,1020,0.02,0.52,0.20,0.19,0.73,0.38,0.46,0.31,0.26,0.01,0.01,0.00,0.00,0.00,0.92,0.55,NULL,NULL,0.25,0.33,0.56,0.14
59470001,2875,NULL,0.51,0.14,0.19,0.81,0.44,0.41,0.27,0.39,0.01,0.02,0.01,0.00,0.00,0.29,0.73,0.20,0.73,0.27,0.39,0.68,0.07
59010004,15450,NULL,0.52,0.19,0.21,0.65,0.40,0.33,0.28,0.58,0.01,0.01,0.01,0.01,0.00,0.08,0.79,0.39,0.96,0.30,0.56,0.69,0.07
59030005,10570,0.09,0.48,0.18,0.22,0.61,0.42,0.50,0.27,0.37,0.02,0.01,0.01,0.01,0.01,0.07,0.61,0.38,0.96,0.27,0.61,0.67,0.09
59070006,8460,0.04,0.48,0.15,0.17,0.58,0.47,0.47,0.26,0.39,0.02,0.01,0.02,0.00,0.00,0.08,0.60,0.45,0.99,0.29,0.54,0.63,0.07
59090005,85,NULL,0.53,0.29,0.06,0.60,0.33,0.67,0.26,NULL,0.00,0.00,0.00,0.00,0.00,0.94,0.33,NULL,NULL,0.17,0.25,0.50,0.33
59090008,65,NULL,0.62,0.31,0.23,0.77,0.30,0.50,0.33,NULL,0.00,0.00,0.00,0.00,0.00,0.93,0.40,NULL,NULL,0.33,0.33,0.67,0.33
59090013,45,NULL,0.56,0.11,0.22,1.16,0.45,0.86,0.5,NULL,0.00,0.00,0.00,0.00,0.00,1.00,0.50,NULL,NULL,0.29,0.29,0.43,0.67
59090024,535,0.01,0.50,0.18,0.21,0.60,0.34,0.47,0.29,0.26,0.02,0.00,0.00,0.00,0.00,0.95,0.78,NULL,NULL,0.20,0.40,0.53,0.12
59090025,6070,NULL,0.55,0.16,0.17,0.57,0.46,0.41,0.28,0.35,0.01,0.01,0.01,0.00,0.01,0.10,0.78,0.40,0.87,0.21,0.43,0.55,0.08
59090028,8865,0.27,0.50,0.19,0.20,0.61,0.38,0.39,0.3,0.41,0.02,0.01,0.07,0.01,0.01,0.08,0.76,0.50,1.10,0.35,0.46,0.68,0.06
59090032,110,0.01,0.50,0.27,0.14,0.55,0.28,0.57,0.36,NULL,0.00,0.00,0.00,0.00,0.00,0.86,0.71,NULL,NULL,0.27,0.20,0.57,0.00
59090044,12110,0.28,0.49,0.22,0.20,0.59,0.37,0.32,0.32,0.31,0.01,0.03,0.73,0.00,0.00,0.01,0.72,0.58,0.80,0.37,0.35,0.66,0.10
59090045,6550,0.01,0.51,0.16,0.18,0.71,0.39,0.35,0.32,0.47,0.01,0.01,0.01,0.00,0.00,0.06,0.78,0.65,1.08,0.38,0.42,0.67,0.04
59090048,7970,0.40,0.50,0.22,0.20,0.60,0.37,0.33,0.31,0.31,0.03,0.02,0.58,0.01,0.01,0.03,0.72,0.55,0.88,0.37,0.34,0.67,0.10
59090051,6500,0.01,0.51,0.17,0.19,0.61,0.38,0.34,0.31,0.48,0.02,0.01,0.02,0.00,0.00,0.06,0.80,0.66,1.05,0.38,0.45,0.70,0.04
59090061,8745,0.28,0.46,0.17,0.15,0.55,0.47,0.54,0.27,0.31,0.01,0.02,0.02,0.01,0.01,0.13,0.51,0.27,0.87,0.34,0.42,0.56,0.09
59090066,8950,0.26,0.49,0.21,0.18,0.61,0.41,0.52,0.27,0.31,0.01,0.02,0.01,0.01,0.01,0.14,0.50,0.29,0.85,0.34,0.40,0.59,0.10
59090082,13140,0.02,0.50,0.18,0.22,0.58,0.36,0.32,0.31,0.48,0.02,0.01,0.02,0.01,0.01,0.06,0.87,0.51,1.43,0.34,0.52,0.69,0.06
59090083,2355,0.09,0.47,0.05,0.06,0.33,0.63,0.24,0.22,0.26,0.01,0.00,0.01,0.00,0.00,0.13,0.97,NULL,NULL,0.34,0.16,0.24,0.06
59090086,245,0.01,0.51,0.22,0.20,0.71,0.36,0.58,0.31,NULL,0.00,0.00,0.00,0.00,0.00,0.92,0.47,NULL,NULL,0.24,0.32,0.57,0.29
59090094,5605,0.17,0.49,0.17,0.22,0.60,0.35,0.33,0.33,0.49,0.03,0.02,0.05,0.01,0.01,0.06,0.84,0.61,1.08,0.20,0.54,0.74,0.06
59090098,10705,0.05,0.52,0.17,0.22,0.62,0.39,0.37,0.3,0.44,0.01,0.02,0.13,0.01,0.00,0.06,0.85,0.62,1.10,0.35,0.46,0.66,0.05
59150006,8675,0.04,0.50,0.11,0.21,0.57,0.41,0.33,0.32,0.76,0.16,0.02,0.13,0.00,0.00,0.01,0.89,1.99,2.27,0.08,0.70,0.62,0.06
59150014,7370,0.02,0.48,0.13,0.20,0.61,0.41,0.35,0.3,0.85,0.07,0.03,0.04,0.00,0.01,0.02,0.79,1.40,1.39,0.11,0.68,0.69,0.06
59150024,9500,0.27,0.48,0.23,0.19,0.67,0.43,0.45,0.26,0.98,0.14,0.01,0.05,0.01,0.01,0.02,0.54,2.20,1.52,0.08,0.75,0.66,0.06
59150027,575,0.21,0.51,0.22,0.21,0.64,0.36,0.57,0.31,0.25,0.02,0.03,0.00,0.00,0.02,0.87,0.41,NULL,NULL,0.18,0.38,0.58,0.14
59150033,8370,0.49,0.48,0.21,0.19,0.61,0.40,0.44,0.29,0.65,0.29,0.02,0.04,0.00,0.01,0.03,0.66,2.85,1.73,0.08,0.71,0.60,0.06
59150035,8640,1.63,0.50,0.34,0.24,0.89,0.40,0.46,0.25,0.76,0.31,0.04,0.19,0.01,0.03,0.01,0.44,1.33,1.84,0.09,0.79,0.68,0.06
59150040,11805,2.46,0.52,0.43,0.24,0.86,0.41,0.60,0.22,0.46,0.07,0.04,0.08,0.02,0.04,0.03,0.16,0.61,1.25,0.18,0.77,0.79,0.04
59150043,6485,0.60,0.48,0.25,0.20,0.78,0.39,0.46,0.29,0.60,0.16,0.03,0.05,0.01,0.01,0.02,0.55,2.14,1.62,0.09,0.70,0.67,0.06
59150045,12570,0.84,0.45,0.30,0.24,0.75,0.41,0.51,0.25,0.61,0.12,0.02,0.04,0.01,0.02,0.02,0.47,1.13,1.42,0.18,0.76,0.75,0.05
59150048,13590,1.49,0.51,0.45,0.25,0.91,0.37,0.49,0.24,0.62,0.24,0.05,0.11,0.01,0.02,0.03,0.46,0.71,1.83,0.18,0.79,0.79,0.05
59150049,120,0.03,0.54,0.25,0.25,0.82,0.37,0.70,0.27,NULL,0.00,0.08,0.00,0.00,0.00,0.84,0.63,NULL,NULL,0.33,0.29,0.57,0.00
59150060,1855,0.18,0.45,0.19,0.24,0.85,0.43,0.44,0.25,0.74,0.06,0.05,0.04,0.00,0.01,0.20,0.81,NULL,NULL,0.27,0.52,0.70,0.07
59150063,5795,0.96,0.44,0.27,0.25,0.82,0.43,0.49,0.25,0.59,0.22,0.05,0.05,0.02,0.02,0.02,0.50,0.66,1.35,0.15,0.80,0.76,0.04
59150065,10780,0.80,0.49,0.32,0.26,0.80,0.40,0.56,0.25,0.45,0.10,0.05,0.03,0.02,0.02,0.09,0.30,0.82,1.05,0.22,0.66,0.76,0.04
59150068,7570,0.40,0.49,0.19,0.21,0.62,0.44,0.45,0.29,0.49,0.25,0.05,0.06,0.01,0.01,0.03,0.67,1.16,1.17,0.29,0.55,0.65,0.05
59150069,8540,0.62,0.48,0.22,0.24,0.68,0.42,0.45,0.28,0.42,0.35,0.06,0.03,0.01,0.01,0.03,0.63,1.32,1.14,0.29,0.52,0.67,0.05
59150070,10780,0.91,0.48,0.34,0.26,0.85,0.38,0.51,0.26,0.48,0.14,0.13,0.04,0.01,0.01,0.03,0.39,0.98,1.21,0.22,0.68,0.81,0.04
59150081,5445,0.61,0.48,0.22,0.22,0.64,0.42,0.46,0.28,0.40,0.42,0.08,0.05,0.01,0.01,0.02,0.68,1.12,1.01,0.17,0.51,0.64,0.04
59150082,12780,0.73,0.49,0.29,0.24,0.74,0.39,0.49,0.28,0.43,0.24,0.14,0.05,0.01,0.02,0.03,0.50,1.08,1.22,0.24,0.61,0.76,0.06
59150086,8995,0.41,0.47,0.31,0.21,0.73,0.42,0.45,0.26,0.46,0.39,0.06,0.10,0.01,0.03,0.01,0.73,0.71,1.48,0.27,0.63,0.68,0.06
59150091,6225,0.45,0.49,0.23,0.18,0.67,0.43,0.48,0.29,0.31,0.61,0.17,0.05,0.00,0.01,0.01,0.64,1.35,1.13,0.18,0.44,0.62,0.07
59150092,7095,0.31,0.49,0.21,0.19,0.63,0.41,0.43,0.3,0.42,0.44,0.06,0.05,0.01,0.02,0.03,0.67,1.53,1.34,0.16,0.56,0.60,0.06
59150096,6140,0.42,0.50,0.24,0.20,0.81,0.41,0.45,0.3,0.35,0.51,0.20,0.05,0.01,0.01,0.01,0.66,1.44,1.10,0.34,0.44,0.63,0.05
59150103,6485,0.57,0.49,0.22,0.21,0.65,0.41,0.47,0.3,0.33,0.42,0.19,0.20,0.01,0.02,0.01,0.54,1.39,1.08,0.18,0.45,0.62,0.04
59150107,7375,0.79,0.48,0.25,0.21,0.81,0.40,0.49,0.29,0.33,0.36,0.28,0.13,0.02,0.02,0.02,0.65,0.95,1.07,0.29,0.50,0.65,0.06
59150108,7505,0.22,0.49,0.12,0.28,0.60,0.36,0.31,0.32,0.63,0.29,0.02,0.05,0.00,0.01,0.02,0.93,1.07,1.56,0.11,0.68,0.69,0.05
59150116,10575,0.39,0.48,0.24,0.19,0.66,0.42,0.47,0.3,0.35,0.36,0.19,0.29,0.01,0.01,0.01,0.55,1.48,1.24,0.32,0.51,0.64,0.07
59150122,8325,0.50,0.50,0.23,0.21,0.64,0.40,0.46,0.32,0.31,0.21,0.23,0.44,0.01,0.01,0.01,0.52,1.46,1.09,0.33,0.43,0.68,0.05
59150156,9795,0.14,0.50,0.15,0.21,0.60,0.41,0.36,0.31,0.49,0.16,0.03,0.05,0.01,0.01,0.03,0.85,1.16,1.27,0.30,0.59,0.65,0.05
59150176,8595,0.31,0.48,0.21,0.21,0.68,0.41,0.45,0.29,0.39,0.18,0.12,0.10,0.02,0.02,0.04,0.66,0.67,1.11,0.31,0.56,0.68,0.05
59150180,5095,0.38,0.49,0.16,0.19,0.79,0.43,0.35,0.3,0.42,0.58,0.09,0.05,0.01,0.01,0.01,0.85,1.25,1.48,0.15,0.60,0.59,0.04
59150185,9000,0.20,0.47,0.24,0.24,0.70,0.43,0.51,0.26,0.40,0.11,0.09,0.06,0.02,0.02,0.05,0.68,0.32,1.15,0.31,0.55,0.72,0.06
59150187,11725,0.50,0.50,0.26,0.22,0.75,0.42,0.49,0.27,0.50,0.09,0.08,0.06,0.01,0.02,0.05,0.56,0.66,0.97,0.25,0.65,0.74,0.05
59150188,9885,0.88,0.48,0.21,0.20,0.70,0.47,0.54,0.25,0.37,0.13,0.07,0.08,0.04,0.02,0.05,0.42,0.48,0.92,0.30,0.57,0.63,0.08
59150189,9890,0.89,0.49,0.25,0.23,0.75,0.41,0.52,0.26,0.38,0.10,0.10,0.07,0.03,0.02,0.05,0.33,0.56,0.99,0.28,0.59,0.72,0.05
59150191,6590,0.36,0.50,0.20,0.22,0.77,0.40,0.43,0.3,0.46,0.13,0.11,0.16,0.03,0.02,0.04,0.67,1.07,1.15,0.17,0.56,0.68,0.07
59150193,8955,0.69,0.48,0.29,0.21,0.74,0.43,0.47,0.24,0.45,0.20,0.09,0.06,0.02,0.02,0.04,0.64,0.41,1.28,0.27,0.65,0.69,0.05
59150197,8725,0.26,0.50,0.22,0.27,0.68,0.36,0.35,0.3,0.45,0.20,0.18,0.28,0.02,0.01,0.03,0.72,0.73,1.21,0.28,0.58,0.76,0.07
59150198,12030,0.05,0.49,0.17,0.21,0.63,0.41,0.36,0.29,0.49,0.07,0.05,0.06,0.01,0.01,0.04,0.80,0.59,1.12,0.33,0.54,0.70,0.05
59150200,55,0.31,0.64,0.18,0.18,0.71,0.29,0.43,0.27,NULL,0.00,0.00,0.00,0.00,0.00,0.91,NULL,NULL,NULL,0.29,0.43,0.57,0.00
59150201,6630,0.54,0.51,0.29,0.22,0.84,0.40,0.55,0.27,0.33,0.19,0.17,0.13,0.03,0.02,0.06,0.35,0.33,0.93,0.30,0.52,0.66,0.10
59150212,8150,0.22,0.50,0.17,0.21,0.74,0.39,0.36,0.32,0.50,0.47,0.04,0.11,0.01,0.00,0.01,0.90,1.06,1.37,0.13,0.58,0.61,0.07
59150213,7065,1.04,0.49,0.23,0.22,0.65,0.36,0.51,0.31,0.30,0.09,0.21,0.20,0.04,0.02,0.07,0.30,0.20,0.94,0.31,0.42,0.59,0.07
59150215,5885,0.45,0.51,0.24,0.20,0.63,0.37,0.40,0.33,0.30,0.03,0.05,0.73,0.02,0.01,0.02,0.58,0.79,0.93,0.40,0.33,0.64,0.07
59150216,6645,0.51,0.50,0.23,0.21,0.64,0.36,0.42,0.32,0.31,0.05,0.10,0.54,0.01,0.03,0.04,0.62,0.62,0.88,0.34,0.41,0.66,0.08
59150218,5380,0.03,0.50,0.18,0.20,0.75,0.39,0.38,0.31,0.45,0.21,0.03,0.15,0.01,0.01,0.05,0.80,1.11,1.32,0.18,0.52,0.65,0.05
59150226,6510,0.31,0.50,0.18,0.19,0.62,0.41,0.36,0.3,0.43,0.08,0.05,0.33,0.00,0.01,0.03,0.83,0.87,1.21,0.34,0.49,0.66,0.05
59150230,5865,0.22,0.51,0.23,0.21,0.64,0.38,0.37,0.31,0.29,0.03,0.02,0.76,0.01,0.01,0.01,0.65,0.62,0.81,0.34,0.35,0.65,0.08
59150234,5345,0.18,0.48,0.17,0.19,0.78,0.43,0.44,0.29,0.44,0.04,0.02,0.05,0.01,0.01,0.03,0.83,0.57,1.12,0.18,0.54,0.67,0.06
59150240,8105,0.35,0.50,0.21,0.20,0.63,0.39,0.38,0.32,0.35,0.08,0.10,0.54,0.01,0.02,0.02,0.76,0.78,0.94,0.36,0.44,0.67,0.07
59150241,10970,0.17,0.49,0.19,0.19,0.61,0.42,0.41,0.32,0.38,0.17,0.17,0.29,0.02,0.01,0.03,0.75,0.83,1.04,0.32,0.49,0.66,0.08
59150244,5755,0.12,0.50,0.15,0.19,0.77,0.42,0.33,0.3,0.56,0.24,0.02,0.13,0.00,0.01,0.02,0.94,1.04,2.04,0.12,0.62,0.61,0.04
59150252,8585,0.42,0.50,0.21,0.23,0.65,0.37,0.37,0.31,0.41,0.17,0.22,0.24,0.02,0.01,0.02,0.84,0.57,1.24,0.29,0.57,0.70,0.06
59150253,10980,0.49,0.48,0.15,0.22,0.59,0.42,0.40,0.31,0.37,0.19,0.12,0.23,0.02,0.01,0.02,0.87,0.53,1.02,0.32,0.52,0.65,0.06
59150255,12265,0.21,0.49,0.26,0.25,0.65,0.33,0.39,0.3,0.47,0.12,0.07,0.12,0.03,0.02,0.05,0.69,0.66,1.27,0.33,0.55,0.79,0.04
59150264,40,0.01,0.38,0.13,0.13,0.63,0.40,0.50,0.23,NULL,0.00,0.00,0.00,0.00,0.00,0.75,1.00,NULL,NULL,0.25,0.25,0.50,0.00
59150272,6990,0.11,0.48,0.11,0.16,0.54,0.48,0.35,0.27,0.59,0.05,0.01,0.01,0.01,0.00,0.03,0.76,1.14,1.25,0.16,0.61,0.58,0.04
59150273,14035,0.22,0.51,0.24,0.25,0.64,0.35,0.38,0.32,0.40,0.07,0.10,0.55,0.02,0.02,0.01,0.78,0.73,1.08,0.29,0.52,0.71,0.06
59150275,8940,0.58,0.49,0.20,0.29,0.63,0.34,0.32,0.31,0.50,0.10,0.12,0.25,0.02,0.02,0.03,0.86,0.56,1.23,0.27,0.61,0.77,0.05
59150276,18220,0.12,0.49,0.23,0.25,0.64,0.34,0.34,0.31,0.49,0.11,0.06,0.10,0.01,0.02,0.03,0.82,0.69,1.41,0.31,0.59,0.72,0.05
59150278,9435,0.01,0.49,0.16,0.20,0.60,0.41,0.36,0.3,0.55,0.05,0.02,0.04,0.01,0.01,0.04,0.83,1.08,1.31,0.33,0.54,0.69,0.04
59150287,6115,0.20,0.49,0.11,0.19,0.57,0.44,0.30,0.29,0.65,0.12,0.01,0.04,0.00,0.00,0.03,0.90,1.43,1.67,0.13,0.65,0.60,0.05
59150289,9605,0.02,0.49,0.15,0.16,0.56,0.46,0.38,0.29,0.48,0.03,0.01,0.03,0.01,0.00,0.04,0.79,0.93,1.44,0.33,0.50,0.63,0.04
59150299,9375,0.35,0.44,0.10,0.13,0.56,0.55,0.48,0.25,0.53,0.08,0.01,0.06,0.01,0.01,0.03,0.69,0.89,1.21,0.29,0.60,0.51,0.06
59150301,10835,0.03,0.50,0.15,0.20,0.60,0.41,0.35,0.3,0.53,0.04,0.02,0.04,0.01,0.00,0.06,0.85,1.04,1.07,0.34,0.51,0.66,0.03
59150307,120,0.01,0.50,0.17,0.13,0.75,0.43,0.52,0.28,NULL,0.08,0.00,0.00,0.00,0.00,0.42,0.64,NULL,NULL,0.19,0.52,0.57,0.17
59150312,6300,3.16,0.56,0.43,0.27,0.86,0.39,0.59,0.23,0.62,0.21,0.04,0.10,0.01,0.03,0.03,0.42,0.65,1.48,0.12,0.76,0.77,0.04
59150313,10075,0.19,0.48,0.14,0.19,0.57,0.44,0.36,0.29,0.52,0.07,0.03,0.09,0.01,0.00,0.04,0.85,0.92,1.25,0.33,0.55,0.64,0.04
59150314,5870,0.34,0.50,0.19,0.23,0.75,0.38,0.33,0.3,0.48,0.24,0.08,0.21,0.01,0.01,0.03,0.90,0.80,1.20,0.17,0.57,0.69,0.05
59150322,7955,0.39,0.49,0.20,0.19,0.65,0.41,0.40,0.3,0.37,0.45,0.09,0.15,0.00,0.01,0.01,0.78,1.15,1.30,0.31,0.54,0.66,0.06
59150323,7600,0.37,0.48,0.19,0.19,0.64,0.42,0.40,0.29,0.36,0.63,0.05,0.07,0.00,0.00,0.01,0.78,1.52,1.47,0.31,0.54,0.54,0.05
59150331,10120,1.33,0.46,0.25,0.22,0.75,0.45,0.51,0.24,0.51,0.08,0.06,0.12,0.01,0.02,0.03,0.43,0.58,1.26,0.23,0.71,0.70,0.04
59152000,6610,0.02,0.49,0.18,0.20,0.77,0.40,0.38,0.29,0.50,0.05,0.02,0.04,0.01,0.01,0.06,0.85,0.84,1.31,0.35,0.50,0.69,0.06
59152001,7275,0.06,0.50,0.17,0.25,0.61,0.35,0.34,0.32,0.52,0.05,0.04,0.04,0.01,0.02,0.06,0.87,0.72,1.42,0.31,0.54,0.73,0.04
59170005,110,0.01,0.50,0.14,0.18,0.67,0.40,0.58,0.3,NULL,0.00,0.00,0.00,0.00,0.00,0.94,0.67,NULL,NULL,0.31,0.38,0.50,0.29
59170007,95,0.03,0.58,0.26,0.21,0.80,0.33,0.57,0.27,NULL,0.00,0.00,0.00,0.00,0.00,0.95,0.57,NULL,NULL,0.21,0.36,0.64,0.44
59170021,8165,0.08,0.48,0.12,0.14,0.52,0.50,0.32,0.27,0.55,0.12,0.02,0.06,0.01,0.01,0.02,0.88,0.88,1.36,0.11,0.66,0.51,0.05
59170035,9275,0.10,0.49,0.16,0.20,0.62,0.43,0.33,0.27,0.53,0.04,0.02,0.01,0.00,0.01,0.06,0.84,0.58,1.31,0.32,0.56,0.67,0.05
59170037,13235,0.26,0.49,0.22,0.21,0.66,0.42,0.48,0.27,0.38,0.06,0.05,0.05,0.01,0.00,0.08,0.63,0.49,1.08,0.30,0.56,0.69,0.05
59170040,1840,0.26,0.46,0.17,0.15,0.82,0.47,0.54,0.25,0.28,0.01,0.01,0.00,0.02,0.01,0.33,0.76,NULL,NULL,0.35,0.35,0.49,0.09
59170042,9560,0.29,0.48,0.27,0.16,0.61,0.42,0.53,0.28,0.37,0.24,0.03,0.08,0.02,0.01,0.05,0.62,0.61,1.35,0.11,0.55,0.60,0.09
59170044,11025,0.24,0.47,0.22,0.17,0.60,0.44,0.48,0.27,0.41,0.09,0.04,0.04,0.01,0.01,0.04,0.60,0.62,1.22,0.28,0.61,0.61,0.06
59170046,7670,0.48,0.48,0.23,0.22,0.67,0.45,0.46,0.24,0.47,0.06,0.02,0.03,0.01,0.01,0.06,0.51,0.52,1.15,0.13,0.68,0.66,0.06
59170059,7085,0.20,0.45,0.09,0.13,0.47,0.52,0.36,0.26,0.71,0.04,0.01,0.02,0.00,0.01,0.02,0.80,1.05,1.26,0.07,0.72,0.49,0.05
59170111,15290,NULL,0.48,0.08,0.15,0.55,0.52,0.38,0.25,0.38,0.02,0.01,0.01,0.01,0.01,0.06,0.79,0.59,0.95,0.25,0.65,0.55,0.04
59190001,10830,NULL,0.51,0.11,0.16,0.59,0.49,0.36,0.25,0.37,0.01,0.01,0.01,0.00,0.00,0.09,0.80,0.45,0.83,0.29,0.54,0.54,0.10
59190002,160,0.03,0.50,0.22,0.13,0.54,0.29,0.50,0.37,NULL,0.00,0.00,0.00,0.00,0.00,0.91,0.33,NULL,NULL,0.29,0.33,0.64,0.21
59190004,735,0.01,0.52,0.18,0.20,0.53,0.30,0.50,0.35,0.18,0.00,0.00,0.00,0.00,0.00,0.99,0.44,NULL,NULL,0.15,0.27,0.42,0.19
59190005,8535,0.07,0.47,0.12,0.17,0.53,0.47,0.37,0.26,0.40,0.02,0.01,0.01,0.00,0.00,0.09,0.81,0.35,0.95,0.29,0.56,0.57,0.06
59190018,2085,0.01,0.51,0.23,0.17,0.57,0.32,0.62,0.33,0.19,0.00,0.00,0.00,0.00,0.00,0.95,0.66,NULL,NULL,0.20,0.31,0.48,0.26
59190028,140,0.01,0.54,0.21,0.11,0.50,0.29,0.57,0.32,NULL,0.00,0.00,0.00,0.00,0.00,1.00,0.57,NULL,NULL,0.10,0.10,0.40,0.25
59210006,6125,0.01,0.49,0.08,0.12,0.53,0.54,0.25,0.24,0.52,0.01,0.00,0.01,0.01,0.00,0.05,0.90,0.66,1.10,0.14,0.65,0.47,0.07
59210007,12515,0.09,0.45,0.10,0.12,0.45,0.55,0.40,0.24,0.33,0.01,0.01,0.01,0.00,0.00,0.05,0.75,0.37,1.00,0.29,0.55,0.43,0.07
59210011,9855,0.13,0.46,0.13,0.15,0.50,0.50,0.39,0.26,0.37,0.04,0.01,0.02,0.00,0.00,0.05,0.86,0.35,1.02,0.33,0.52,0.52,0.06
59210018,8195,0.11,0.49,0.19,0.16,0.67,0.49,0.56,0.24,0.35,0.02,0.02,0.01,0.01,0.00,0.09,0.46,0.37,0.85,0.28,0.58,0.56,0.09
59230006,150,0.02,0.57,0.23,0.23,0.64,0.30,0.48,0.36,NULL,0.00,0.00,0.00,0.00,0.00,1.00,0.89,NULL,NULL,0.24,0.19,0.55,0.00
59230014,8700,0.10,0.49,0.15,0.15,0.54,0.46,0.46,0.26,0.33,0.02,0.01,0.04,0.00,0.00,0.15,0.65,0.24,0.77,0.32,0.42,0.50,0.09
59230021,80,0.01,0.56,0.31,0.25,0.91,0.39,0.54,0.28,NULL,0.00,0.00,0.00,0.00,0.00,0.94,0.86,NULL,NULL,0.15,0.38,0.71,0.00
59240009,190,0.01,0.58,0.21,0.16,0.52,0.30,0.52,0.32,NULL,0.00,0.05,0.00,0.00,0.00,1.00,0.58,NULL,NULL,0.24,0.40,0.56,0.36
59240012,290,0.02,0.55,0.21,0.19,0.76,0.38,0.41,0.29,0.38,0.00,0.00,0.00,0.00,0.00,0.81,0.95,NULL,NULL,0.30,0.39,0.70,0.16
59240016,12320,0.02,0.49,0.15,0.19,0.58,0.42,0.33,0.28,0.45,0.01,0.02,0.01,0.00,0.00,0.10,0.81,0.34,1.14,0.31,0.52,0.62,0.08
59240018,145,NULL,0.52,0.14,0.14,0.76,0.43,0.50,0.26,NULL,0.00,0.00,0.00,0.00,0.00,0.83,1.00,NULL,NULL,0.25,0.50,0.67,0.25
59260005,10410,0.10,0.48,0.20,0.17,0.59,0.42,0.49,0.27,0.31,0.04,0.03,0.01,0.01,0.00,0.10,0.62,0.29,0.94,0.33,0.49,0.60,0.08
59270001,2580,NULL,0.52,0.09,0.15,0.88,0.52,0.39,0.24,0.30,0.02,0.01,0.00,0.00,0.00,0.09,0.85,0.33,0.49,0.26,0.31,0.46,0.10
59290003,10305,NULL,0.47,0.11,0.16,0.57,0.48,0.41,0.26,0.42,0.03,0.02,0.01,0.01,0.00,0.08,0.77,0.54,1.03,0.29,0.57,0.60,0.06
59290601,50,0.36,0.40,0.00,0.00,1.00,0.87,0.80,NULL,NULL,NULL,NULL,NULL,NULL,NULL,NULL,NULL,NULL,NULL,NULL,NULL,NULL,NULL
59310012,240,0.01,0.48,0.21,0.17,0.69,0.34,0.61,0.32,NULL,0.00,0.00,0.00,0.00,0.00,0.98,0.53,NULL,NULL,0.27,0.38,0.43,0.31
59310020,70,NULL,0.50,0.14,0.21,0.60,0.37,0.40,0.3,NULL,0.00,0.00,0.00,0.00,0.00,0.93,0.40,NULL,NULL,0.30,0.40,0.50,0.40
59310024,11850,NULL,0.54,0.36,0.24,0.84,0.36,0.47,0.27,0.54,0.04,0.04,0.01,0.00,0.01,0.02,0.61,0.96,1.66,0.27,0.69,0.85,0.05
59330001,12835,NULL,0.51,0.11,0.14,0.56,0.49,0.36,0.25,0.35,0.01,0.01,0.00,0.00,0.00,0.13,0.83,0.27,0.72,0.32,0.43,0.51,0.10
59330011,125,NULL,0.48,0.16,0.16,0.80,0.43,0.50,0.29,NULL,0.00,0.00,0.00,0.00,0.00,0.92,0.78,NULL,NULL,0.33,0.43,0.57,0.17
59330029,8530,0.02,0.49,0.16,0.19,0.59,0.43,0.37,0.27,0.43,0.01,0.01,0.01,0.00,0.00,0.10,0.87,0.37,1.21,0.33,0.51,0.63,0.06
59330032,6085,0.02,0.49,0.17,0.21,0.61,0.42,0.38,0.27,0.46,0.02,0.01,0.05,0.01,0.00,0.11,0.89,0.34,1.02,0.32,0.52,0.66,0.07
59330043,13615,0.25,0.48,0.19,0.18,0.58,0.43,0.45,0.28,0.38,0.01,0.01,0.05,0.00,0.00,0.13,0.69,0.35,0.97,0.35,0.44,0.64,0.10
59330044,10985,0.27,0.49,0.22,0.17,0.61,0.44,0.56,0.26,0.32,0.02,0.02,0.01,0.01,0.00,0.17,0.47,0.29,0.95,0.34,0.42,0.59,0.12
59330046,70,NULL,0.50,0.21,0.29,0.67,0.29,0.50,0.32,NULL,0.00,0.00,0.00,0.00,0.00,1.07,0.50,NULL,NULL,0.45,0.18,0.30,0.67
59330048,6340,0.17,0.48,0.23,0.16,0.63,0.47,0.56,0.25,0.41,0.04,0.02,0.01,0.01,0.01,0.10,0.53,0.36,0.90,0.16,0.57,0.62,0.07
59330052,7810,0.01,0.49,0.17,0.20,0.62,0.40,0.33,0.29,0.54,0.03,0.00,0.01,0.01,0.00,0.11,0.82,0.48,1.10,0.32,0.57,0.70,0.06
59330056,300,NULL,0.53,0.12,0.23,0.61,0.36,0.52,0.31,0.31,0.05,0.00,0.00,0.00,0.00,0.92,0.90,NULL,NULL,0.23,0.53,0.63,0.21
59330061,240,NULL,0.50,0.19,0.19,0.58,0.31,0.45,0.31,NULL,0.00,0.00,0.00,0.00,0.00,0.96,0.67,NULL,NULL,0.24,0.48,0.61,0.15
59330075,90,0.01,0.50,0.22,0.17,0.62,0.32,0.50,0.3,NULL,0.00,0.00,0.00,0.00,0.00,0.78,0.50,NULL,NULL,0.36,0.29,0.43,0.33
59330079,140,NULL,0.57,0.18,0.11,0.62,0.37,0.48,0.3,NULL,0.00,0.00,0.00,0.00,0.00,0.96,0.36,NULL,NULL,0.14,0.52,0.57,0.25
59350002,12920,0.01,0.50,0.17,0.19,0.62,0.42,0.35,0.27,0.48,0.02,0.01,0.01,0.00,0.01,0.07,0.78,0.60,1.08,0.31,0.55,0.68,0.07
59350023,9960,0.05,0.50,0.12,0.24,0.58,0.38,0.26,0.31,0.74,0.04,0.02,0.02,0.00,0.00,0.05,0.92,0.85,1.83,0.25,0.66,0.70,0.06
59370001,6965,NULL,0.50,0.14,0.15,0.62,0.47,0.36,0.26,0.33,0.01,0.00,0.00,0.00,0.00,0.10,0.79,0.37,0.74,0.30,0.48,0.58,0.09
59370003,10220,NULL,0.49,0.14,0.16,0.56,0.45,0.36,0.27,0.36,0.02,0.01,0.00,0.00,0.00,0.07,0.81,0.40,0.98,0.32,0.48,0.60,0.07
59370006,2870,NULL,0.48,0.09,0.08,0.48,0.56,0.29,0.23,0.28,0.01,0.00,0.00,0.01,0.00,0.29,0.85,NULL,NULL,0.31,0.24,0.37,0.09
59370010,7585,0.11,0.46,0.18,0.15,0.53,0.50,0.57,0.25,0.30,0.02,0.02,0.02,0.00,0.01,0.10,0.54,0.29,0.92,0.33,0.45,0.52,0.08
59370012,9435,0.21,0.47,0.16,0.19,0.57,0.42,0.42,0.28,0.39,0.02,0.01,0.01,0.00,0.01,0.07,0.78,0.37,1.10,0.32,0.52,0.63,0.07
59370013,625,0.18,0.49,0.07,0.09,0.53,0.60,0.40,0.22,0.27,0.00,0.00,0.00,0.00,0.03,0.08,0.97,NULL,NULL,0.09,0.18,0.37,0.05
59390001,13525,NULL,0.51,0.14,0.18,0.62,0.47,0.36,0.25,0.39,0.01,0.01,0.01,0.00,0.00,0.09,0.81,0.37,0.89,0.30,0.51,0.61,0.11
59390005,11965,NULL,0.50,0.11,0.14,0.55,0.49,0.28,0.25,0.36,0.01,0.00,0.00,0.00,0.00,0.07,0.86,0.42,0.89,0.30,0.50,0.51,0.11
59390014,75,NULL,0.53,0.07,0.20,0.89,0.48,0.62,0.22,NULL,0.00,0.00,0.00,0.00,0.00,0.93,0.71,NULL,NULL,0.14,0.57,0.46,0.00
59410001,1040,NULL,0.53,0.13,0.15,0.64,0.48,0.36,0.26,0.37,0.01,0.01,0.00,0.00,0.00,0.23,0.81,0.23,0.51,0.30,0.46,0.59,0.14
59410027,6265,NULL,0.51,0.16,0.18,0.62,0.43,0.34,0.27,0.43,0.01,0.00,0.00,0.00,0.00,0.11,0.88,0.24,0.77,0.34,0.43,0.64,0.08
59410028,105,NULL,0.48,0.19,0.19,0.61,0.37,0.69,0.27,NULL,0.00,0.00,0.00,0.00,0.00,0.90,0.40,NULL,NULL,0.18,0.24,0.50,0.38
59410048,190,NULL,0.53,0.16,0.21,0.66,0.36,0.55,0.34,NULL,0.00,0.00,0.00,0.00,0.00,1.00,0.70,NULL,NULL,0.27,0.27,0.38,0.46
59410053,195,NULL,0.49,0.21,0.21,0.69,0.36,0.50,0.3,NULL,0.00,0.00,0.00,0.00,0.00,0.97,0.75,NULL,NULL,0.36,0.36,0.57,0.19
59410064,330,0.01,0.56,0.20,0.23,0.74,0.38,0.56,0.29,0.19,0.00,0.00,0.00,0.00,0.00,0.98,0.35,NULL,NULL,0.20,0.37,0.64,0.33
59450004,810,0.01,0.51,0.19,0.16,0.52,0.33,0.53,0.31,0.20,0.00,0.00,0.00,0.00,0.00,0.97,0.63,NULL,NULL,0.17,0.31,0.46,0.26
59490002,100,NULL,0.45,0.15,0.20,0.80,0.43,0.47,0.27,NULL,0.00,0.00,0.00,0.00,0.00,0.30,0.88,0.56,0.00,0.20,0.47,0.64,0.00
59490012,595,NULL,0.53,0.20,0.16,0.69,0.36,0.50,0.29,0.23,0.02,0.00,0.00,0.00,0.00,0.97,0.68,NULL,NULL,0.17,0.50,0.57,0.30
59490013,235,0.01,0.62,0.26,0.19,0.72,0.35,0.50,0.29,NULL,0.00,0.00,0.00,0.00,0.00,0.98,0.71,NULL,NULL,0.20,0.54,0.51,0.39
59490021,130,0.01,0.54,0.15,0.19,0.46,0.27,0.56,0.37,NULL,0.08,0.00,0.00,0.00,0.00,0.96,0.43,NULL,NULL,0.19,0.31,0.50,0.25
59490029,525,0.03,0.54,0.18,0.18,0.65,0.43,0.65,0.3,0.36,0.00,0.00,0.00,0.00,0.00,0.97,0.81,NULL,NULL,0.21,0.30,0.41,0.16
59510022,245,0.17,0.47,0.24,0.14,0.67,0.36,0.69,0.27,NULL,0.00,0.00,0.00,0.00,0.00,0.98,0.27,NULL,NULL,0.36,0.23,0.46,0.22
59510026,80,NULL,0.50,0.19,0.25,0.64,0.33,0.69,0.28,NULL,0.00,0.00,0.00,0.00,0.00,1.00,NULL,NULL,NULL,0.31,0.15,0.31,0.00
59510035,205,NULL,0.56,0.17,0.22,0.61,0.35,0.52,0.32,NULL,0.00,0.00,0.00,0.00,0.00,0.95,NULL,NULL,NULL,0.35,0.23,0.45,0.21
59530002,85,NULL,0.47,0.12,0.41,0.83,0.42,0.53,0.26,NULL,0.00,0.00,0.00,0.00,0.00,0.94,0.25,NULL,NULL,0.21,0.57,0.79,0.18
59530003,3465,NULL,0.53,0.16,0.22,0.77,0.40,0.28,0.28,0.54,0.01,0.01,0.00,0.00,0.00,0.11,0.95,0.36,0.95,0.30,0.50,0.72,0.08
59530010,13495,0.02,0.50,0.22,0.18,0.63,0.42,0.57,0.27,0.39,0.02,0.02,0.01,0.01,0.00,0.23,0.52,0.24,0.81,0.32,0.42,0.64,0.13
59530016,5550,0.13,0.50,0.21,0.22,0.72,0.36,0.34,0.29,0.53,0.02,0.02,0.02,0.00,0.00,0.12,0.86,0.30,1.16,0.21,0.56,0.74,0.07
59550004,7440,NULL,0.52,0.20,0.18,0.74,0.38,0.36,0.28,0.54,0.01,0.03,0.00,0.00,0.00,0.19,0.77,0.26,0.88,0.32,0.44,0.69,0.16
59550006,195,NULL,0.51,0.26,0.21,0.67,0.32,0.63,0.34,NULL,0.00,0.00,0.00,0.00,0.00,0.97,0.31,NULL,NULL,0.22,0.13,0.47,0.33
59010005,6040,NULL,0.51,0.12,0.18,0.61,0.45,0.30,0.27,0.51,0.01,0.00,0.00,0.01,0.00,0.09,0.90,0.51,0.79,0.19,0.56,0.62,0.07
59010007,170,NULL,0.59,0.21,0.24,0.74,0.36,0.56,0.31,NULL,0.06,0.00,0.00,0.00,0.00,0.94,0.73,NULL,NULL,0.19,0.54,0.81,0.19
59010010,9580,0.13,0.50,0.17,0.19,0.59,0.41,0.37,0.28,0.44,0.02,0.01,0.01,0.01,0.00,0.09,0.80,0.30,0.97,0.31,0.51,0.66,0.07
59010013,75,NULL,0.47,0.20,0.20,0.76,0.38,0.50,0.32,NULL,0.00,0.00,0.00,0.13,0.00,0.87,0.60,NULL,NULL,0.31,0.46,0.50,0.00
59030004,10835,NULL,0.50,0.11,0.15,0.55,0.47,0.36,0.26,0.32,0.01,0.01,0.00,0.00,0.00,0.07,0.82,0.34,0.78,0.29,0.50,0.51,0.10
59030007,5350,0.06,0.46,0.12,0.13,0.49,0.52,0.41,0.25,0.30,0.01,0.01,0.00,0.00,0.00,0.07,0.73,0.28,0.81,0.15,0.50,0.46,0.06
59070003,1905,NULL,0.50,0.11,0.15,0.83,0.49,0.32,0.25,0.44,0.01,0.00,0.02,0.01,0.01,0.04,0.81,0.60,1.08,0.26,0.41,0.61,0.06
59070007,60,NULL,0.42,0.17,0.17,0.47,0.34,0.56,0.3,NULL,0.00,0.00,0.00,0.00,0.00,0.92,0.50,NULL,NULL,0.33,0.22,0.56,0.00
59070008,7085,0.20,0.46,0.18,0.16,0.60,0.49,0.56,0.25,0.32,0.01,0.01,0.00,0.01,0.00,0.10,0.41,0.33,0.97,0.32,0.48,0.58,0.11
59070010,8300,0.11,0.48,0.14,0.18,0.57,0.44,0.37,0.28,0.42,0.03,0.01,0.06,0.00,0.00,0.07,0.82,0.45,1.11,0.31,0.52,0.63,0.07
59070011,85,NULL,0.47,0.18,0.18,0.60,0.35,0.69,0.28,NULL,0.00,0.00,0.00,0.00,0.00,0.94,0.67,NULL,NULL,0.15,0.31,0.58,0.29
59070015,765,NULL,0.48,0.14,0.10,0.54,0.50,0.37,0.24,0.29,0.00,0.00,0.00,0.00,0.00,0.47,0.88,NULL,NULL,0.08,0.46,0.40,0.13
59090001,11590,NULL,0.51,0.12,0.17,0.58,0.48,0.42,0.26,0.34,0.03,0.01,0.03,0.01,0.00,0.10,0.76,0.35,0.89,0.33,0.45,0.54,0.09
59090040,90,0.01,0.44,0.17,0.17,0.51,0.28,0.54,0.32,NULL,0.00,0.00,0.00,0.00,0.00,0.95,NULL,NULL,NULL,0.23,0.46,0.39,0.00
59090041,180,0.04,0.50,0.14,0.19,0.78,0.41,0.50,0.29,NULL,0.06,0.00,0.00,0.00,0.00,0.31,0.88,NULL,NULL,0.31,0.38,0.55,0.13
59090055,85,NULL,0.53,0.24,0.00,0.60,0.35,0.69,0.26,NULL,0.00,0.12,0.00,0.00,0.00,0.94,0.33,NULL,NULL,0.31,0.46,0.39,0.00
59090057,11370,0.40,0.48,0.22,0.18,0.62,0.41,0.47,0.29,0.30,0.02,0.02,0.22,0.01,0.01,0.09,0.53,0.35,0.97,0.33,0.40,0.61,0.07
59090058,190,0.02,0.53,0.24,0.21,0.74,0.35,0.59,0.3,NULL,0.00,0.00,0.00,0.00,0.00,0.92,0.58,NULL,NULL,0.17,0.43,0.45,0.00
59090064,325,0.05,0.40,0.03,0.02,0.44,0.69,0.38,0.21,0.17,0.00,0.00,0.00,0.00,0.00,0.15,0.95,NULL,NULL,0.06,0.30,0.13,0.25
59090068,7060,0.37,0.51,0.20,0.21,0.72,0.37,0.42,0.32,0.31,0.01,0.05,0.35,0.01,0.02,0.06,0.70,0.54,1.09,0.34,0.39,0.67,0.07
59090069,10780,0.37,0.47,0.19,0.15,0.56,0.48,0.51,0.28,0.31,0.03,0.03,0.16,0.02,0.01,0.07,0.49,0.33,0.89,0.32,0.45,0.56,0.08
59090089,7000,0.11,0.49,0.19,0.21,0.71,0.37,0.36,0.31,0.46,0.04,0.01,0.05,0.01,0.00,0.06,0.83,0.51,1.15,0.36,0.49,0.71,0.05
59090090,8375,0.02,0.50,0.17,0.23,0.60,0.36,0.31,0.32,0.51,0.04,0.02,0.06,0.01,0.01,0.05,0.87,0.62,1.22,0.29,0.59,0.74,0.05
59090091,10115,0.01,0.54,0.23,0.19,0.62,0.40,0.40,0.31,0.40,0.03,0.02,0.25,0.01,0.01,0.05,0.69,0.61,1.04,0.37,0.40,0.69,0.05
59090096,4935,NULL,0.52,0.14,0.19,0.80,0.44,0.38,0.28,0.44,0.01,0.00,0.02,0.00,0.00,0.07,0.87,0.68,1.10,0.22,0.50,0.68,0.05
59090101,14335,0.11,0.49,0.18,0.19,0.60,0.41,0.46,0.29,0.36,0.01,0.02,0.06,0.01,0.01,0.12,0.70,0.40,0.91,0.33,0.45,0.64,0.07
59090848,4775,0.16,0.49,0.16,0.21,0.72,0.39,0.34,0.31,0.44,0.02,0.01,0.01,0.02,0.00,0.06,0.92,0.46,1.14,0.20,0.50,0.69,0.06
59150004,7535,0.05,0.47,0.13,0.19,0.57,0.44,0.37,0.29,0.99,0.35,0.02,0.16,0.00,0.00,0.01,0.85,3.19,2.36,0.11,0.66,0.48,0.05
59150007,13085,0.23,0.43,0.09,0.15,0.50,0.53,0.46,0.27,1.04,0.13,0.02,0.13,0.00,0.01,0.01,0.59,1.93,1.72,0.25,0.67,0.46,0.05
59150011,7055,0.21,0.46,0.11,0.18,0.51,0.46,0.41,0.3,0.84,0.22,0.01,0.10,0.00,0.00,0.01,0.78,2.60,1.78,0.08,0.68,0.54,0.06
59150012,7570,0.02,0.48,0.14,0.19,0.58,0.43,0.35,0.3,0.65,0.11,0.02,0.09,0.01,0.01,0.02,0.88,1.26,1.47,0.12,0.68,0.66,0.03
59150016,8235,0.22,0.49,0.14,0.22,0.61,0.39,0.36,0.31,0.63,0.09,0.03,0.06,0.01,0.01,0.03,0.85,1.31,1.56,0.12,0.67,0.72,0.05
59150034,12860,2.20,0.52,0.36,0.24,0.83,0.43,0.58,0.22,0.44,0.07,0.03,0.06,0.01,0.04,0.04,0.18,0.62,1.25,0.21,0.73,0.75,0.06
59150037,7700,1.26,0.64,0.29,0.29,0.91,0.45,0.76,0.22,0.49,0.12,0.04,0.04,0.02,0.02,0.10,0.23,0.64,0.91,0.24,0.63,0.67,0.10
59150044,12095,0.37,0.47,0.17,0.20,0.60,0.41,0.42,0.3,0.72,0.37,0.02,0.03,0.00,0.01,0.01,0.73,2.86,1.64,0.09,0.68,0.56,0.06
59150047,5970,0.70,0.45,0.13,0.18,0.57,0.51,0.45,0.25,0.66,0.09,0.01,0.04,0.01,0.02,0.03,0.52,0.82,1.35,0.18,0.77,0.62,0.06
59150051,13930,0.54,0.49,0.30,0.25,0.79,0.41,0.57,0.26,0.40,0.16,0.06,0.03,0.02,0.02,0.10,0.34,0.74,1.00,0.25,0.59,0.73,0.07
59150052,8070,0.15,0.48,0.16,0.21,0.59,0.42,0.39,0.3,0.59,0.11,0.04,0.06,0.00,0.01,0.04,0.75,1.26,1.53,0.14,0.65,0.69,0.05
59150056,5785,0.34,0.49,0.16,0.19,0.74,0.41,0.37,0.31,0.92,0.36,0.01,0.03,0.01,0.01,0.01,0.81,3.29,1.82,0.08,0.71,0.56,0.07
59150071,10775,0.68,0.48,0.26,0.25,0.70,0.39,0.45,0.29,0.58,0.24,0.09,0.04,0.00,0.01,0.03,0.54,1.62,1.37,0.21,0.67,0.74,0.05
59150072,7390,0.16,0.51,0.21,0.21,0.67,0.42,0.44,0.29,0.47,0.31,0.05,0.07,0.01,0.01,0.04,0.63,1.40,1.14,0.15,0.59,0.63,0.07
59150076,6270,0.47,0.50,0.21,0.20,0.68,0.42,0.48,0.29,0.37,0.46,0.12,0.04,0.01,0.03,0.02,0.57,1.24,1.10,0.32,0.44,0.64,0.06
59150080,11775,0.36,0.48,0.21,0.21,0.67,0.42,0.45,0.29,0.49,0.28,0.11,0.07,0.01,0.00,0.03,0.62,1.76,1.35,0.23,0.65,0.66,0.05
59150088,7300,0.55,0.49,0.22,0.22,0.76,0.41,0.49,0.29,0.38,0.37,0.17,0.05,0.01,0.01,0.03,0.57,1.26,1.06,0.28,0.50,0.67,0.05
59150089,8320,0.74,0.48,0.23,0.23,0.68,0.39,0.45,0.3,0.39,0.35,0.23,0.08,0.01,0.01,0.02,0.64,1.21,1.21,0.26,0.54,0.70,0.04
59150106,7535,0.65,0.48,0.25,0.19,0.69,0.41,0.48,0.29,0.33,0.54,0.18,0.08,0.01,0.02,0.02,0.57,1.36,1.14,0.32,0.46,0.64,0.06
59150113,11305,0.17,0.50,0.19,0.19,0.63,0.43,0.41,0.3,0.48,0.40,0.03,0.09,0.01,0.01,0.02,0.67,1.30,1.26,0.29,0.60,0.60,0.06
59150117,9655,1.45,0.48,0.31,0.22,0.76,0.39,0.51,0.27,0.34,0.40,0.24,0.09,0.01,0.02,0.01,0.49,0.64,1.17,0.28,0.58,0.68,0.06
59150118,7885,0.18,0.50,0.17,0.22,0.74,0.39,0.39,0.3,0.50,0.11,0.05,0.05,0.01,0.02,0.03,0.70,0.84,1.28,0.28,0.60,0.73,0.04
59150123,6250,0.47,0.47,0.20,0.18,0.61,0.45,0.48,0.3,0.34,0.58,0.18,0.05,0.00,0.02,0.01,0.60,1.59,1.18,0.18,0.46,0.61,0.05
59150132,9840,0.32,0.48,0.15,0.20,0.63,0.42,0.41,0.3,0.44,0.25,0.05,0.12,0.01,0.02,0.03,0.71,0.86,1.13,0.28,0.59,0.65,0.07
59150136,7735,0.37,0.50,0.24,0.21,0.79,0.39,0.43,0.29,0.41,0.25,0.05,0.09,0.01,0.01,0.04,0.64,0.89,1.20,0.29,0.58,0.67,0.07
59150142,5120,0.35,0.48,0.17,0.20,0.64,0.42,0.38,0.29,0.43,0.50,0.04,0.06,0.01,0.01,0.01,0.86,1.25,1.39,0.16,0.61,0.62,0.05
59150144,5845,0.40,0.49,0.22,0.20,0.64,0.41,0.40,0.3,0.37,0.48,0.05,0.10,0.01,0.02,0.02,0.69,1.48,1.38,0.15,0.58,0.60,0.05
59150145,9120,0.32,0.50,0.20,0.20,0.66,0.42,0.47,0.29,0.45,0.16,0.05,0.06,0.01,0.02,0.04,0.54,1.11,1.06,0.31,0.54,0.65,0.06
59150149,6220,0.46,0.48,0.28,0.22,0.83,0.40,0.45,0.27,0.37,0.48,0.12,0.06,0.01,0.03,0.02,0.63,0.54,1.14,0.15,0.60,0.66,0.06
59150150,5240,0.27,0.49,0.22,0.18,0.67,0.41,0.39,0.31,0.36,0.51,0.09,0.30,0.01,0.01,0.01,0.82,0.96,1.32,0.37,0.45,0.64,0.05
59150151,5710,1.26,0.46,0.29,0.17,0.78,0.44,0.48,0.26,0.27,0.77,0.09,0.02,0.00,0.01,0.01,0.58,0.48,1.27,0.16,0.56,0.54,0.06
59150153,8015,1.32,0.47,0.27,0.20,0.74,0.41,0.46,0.27,0.31,0.59,0.17,0.07,0.01,0.01,0.01,0.62,0.39,1.21,0.30,0.57,0.66,0.08
59150157,7555,0.49,0.48,0.25,0.21,0.80,0.39,0.42,0.29,0.38,0.48,0.08,0.13,0.01,0.02,0.01,0.72,0.95,1.24,0.14,0.61,0.65,0.06
59150158,14285,0.51,0.47,0.22,0.22,0.69,0.43,0.44,0.27,0.36,0.28,0.04,0.17,0.01,0.01,0.02,0.66,0.43,1.31,0.29,0.59,0.58,0.08
59150161,10895,0.41,0.48,0.26,0.23,0.72,0.38,0.37,0.28,0.35,0.79,0.06,0.04,0.00,0.00,0.00,0.83,0.74,1.56,0.28,0.61,0.63,0.05
59150164,2595,NULL,0.49,0.14,0.14,0.87,0.53,0.44,0.27,0.58,0.05,0.01,0.13,0.00,0.00,0.04,0.67,1.08,1.30,0.37,0.45,0.71,0.04
59150165,7880,0.36,0.48,0.27,0.20,0.70,0.41,0.49,0.28,0.39,0.33,0.09,0.11,0.01,0.01,0.03,0.51,0.88,1.09,0.32,0.56,0.67,0.06
59150169,8275,0.26,0.50,0.19,0.23,0.66,0.39,0.41,0.29,0.40,0.11,0.06,0.10,0.03,0.02,0.05,0.73,0.67,1.21,0.35,0.49,0.70,0.04
59150171,7615,0.50,0.50,0.23,0.20,0.65,0.40,0.45,0.3,0.35,0.26,0.11,0.29,0.03,0.03,0.03,0.62,1.18,1.06,0.31,0.51,0.65,0.07
59150173,6710,NULL,0.49,0.17,0.25,0.63,0.36,0.29,0.31,0.57,0.07,0.02,0.04,0.01,0.01,0.05,0.93,0.81,1.29,0.30,0.59,0.74,0.03
59150174,5770,0.42,0.47,0.21,0.25,0.71,0.42,0.36,0.27,0.48,0.52,0.05,0.05,0.01,0.02,0.01,0.81,0.54,1.30,0.13,0.69,0.66,0.06
59150177,7965,0.54,0.48,0.29,0.23,0.72,0.37,0.43,0.29,0.38,0.40,0.20,0.14,0.02,0.03,0.02,0.67,0.58,1.23,0.28,0.59,0.71,0.07
59150178,5875,0.24,0.50,0.24,0.24,0.70,0.40,0.47,0.28,0.43,0.13,0.12,0.05,0.03,0.02,0.05,0.55,0.72,1.01,0.19,0.59,0.74,0.06
59150186,5685,0.43,0.48,0.18,0.19,0.78,0.43,0.44,0.3,0.35,0.45,0.11,0.10,0.01,0.01,0.01,0.61,0.92,1.32,0.17,0.56,0.64,0.07
59150196,8230,0.07,0.52,0.22,0.20,0.77,0.39,0.48,0.31,0.32,0.10,0.14,0.32,0.03,0.03,0.05,0.60,0.75,1.00,0.34,0.41,0.65,0.07
59150202,10375,0.23,0.51,0.20,0.20,0.66,0.40,0.43,0.31,0.37,0.08,0.15,0.17,0.03,0.02,0.05,0.78,0.68,1.15,0.37,0.46,0.67,0.05
59150206,8920,0.35,0.50,0.18,0.21,0.61,0.39,0.39,0.31,0.38,0.04,0.05,0.40,0.01,0.01,0.03,0.78,0.71,1.23,0.34,0.44,0.68,0.08
59150208,8685,0.34,0.50,0.24,0.22,0.76,0.38,0.51,0.31,0.32,0.11,0.24,0.19,0.04,0.02,0.05,0.47,0.51,1.09,0.31,0.47,0.69,0.08
59150210,11800,0.47,0.50,0.23,0.21,0.63,0.37,0.40,0.32,0.30,0.02,0.06,0.71,0.01,0.01,0.02,0.59,0.67,0.97,0.35,0.37,0.64,0.08
59150211,12225,0.31,0.50,0.27,0.20,0.70,0.40,0.50,0.28,0.35,0.19,0.19,0.16,0.04,0.02,0.03,0.55,0.40,1.04,0.32,0.52,0.69,0.07
59150220,9215,0.13,0.50,0.18,0.20,0.64,0.40,0.37,0.3,0.48,0.06,0.05,0.05,0.01,0.02,0.04,0.86,0.63,1.14,0.32,0.54,0.69,0.05
59150221,5130,0.19,0.49,0.22,0.23,0.64,0.38,0.42,0.3,0.33,0.04,0.06,0.54,0.01,0.01,0.03,0.66,0.45,1.01,0.21,0.43,0.66,0.07
59150224,9125,0.36,0.50,0.22,0.20,0.62,0.38,0.40,0.32,0.30,0.04,0.09,0.70,0.03,0.01,0.02,0.62,0.81,0.84,0.35,0.36,0.65,0.09
59150232,7680,0.46,0.50,0.21,0.21,0.61,0.39,0.41,0.32,0.34,0.04,0.05,0.56,0.01,0.01,0.03,0.64,0.78,1.07,0.35,0.41,0.64,0.07
59150236,8170,0.36,0.49,0.19,0.21,0.62,0.40,0.40,0.31,0.35,0.10,0.16,0.34,0.01,0.01,0.03,0.76,0.72,1.13,0.34,0.45,0.66,0.06
59150247,5855,0.35,0.51,0.22,0.21,0.75,0.38,0.38,0.31,0.34,0.02,0.06,0.55,0.01,0.02,0.04,0.69,0.78,0.91,0.37,0.43,0.69,0.09
59150251,9180,0.04,0.49,0.17,0.20,0.60,0.42,0.34,0.3,0.49,0.11,0.10,0.28,0.01,0.01,0.02,0.86,0.91,1.11,0.33,0.52,0.65,0.06
59150267,5540,0.43,0.49,0.22,0.21,0.72,0.36,0.38,0.32,0.34,0.01,0.09,0.54,0.03,0.03,0.03,0.71,0.59,0.99,0.23,0.43,0.70,0.06
59150269,14415,0.20,0.48,0.11,0.17,0.54,0.46,0.36,0.29,0.63,0.07,0.02,0.02,0.01,0.00,0.03,0.84,1.17,1.56,0.30,0.60,0.61,0.05
59150277,7340,0.35,0.47,0.14,0.20,0.55,0.43,0.36,0.29,0.46,0.09,0.01,0.02,0.01,0.01,0.04,0.95,0.58,1.24,0.35,0.53,0.62,0.06
59150279,11295,0.33,0.48,0.17,0.26,0.60,0.35,0.33,0.32,0.50,0.08,0.09,0.12,0.02,0.01,0.04,0.92,0.66,1.19,0.32,0.54,0.76,0.04
59150283,6185,0.22,0.49,0.19,0.19,0.77,0.41,0.46,0.29,0.40,0.02,0.03,0.11,0.02,0.01,0.05,0.68,0.55,1.02,0.35,0.46,0.68,0.06
59150288,10205,0.15,0.47,0.12,0.19,0.54,0.47,0.35,0.28,0.55,0.20,0.01,0.07,0.01,0.01,0.02,0.86,1.05,1.34,0.28,0.62,0.54,0.05
59150292,6185,0.16,0.48,0.10,0.18,0.53,0.46,0.34,0.3,0.60,0.28,0.01,0.03,0.00,0.01,0.02,0.91,1.52,1.98,0.11,0.63,0.52,0.07
59150293,7285,0.30,0.45,0.17,0.16,0.61,0.48,0.60,0.26,0.31,0.03,0.06,0.03,0.01,0.01,0.08,0.44,0.25,0.83,0.34,0.39,0.53,0.07
59150295,9555,0.31,0.47,0.20,0.27,0.75,0.37,0.32,0.28,0.59,0.27,0.03,0.10,0.01,0.01,0.03,0.79,0.79,1.71,0.25,0.67,0.72,0.05
59150296,7815,0.20,0.45,0.12,0.17,0.52,0.49,0.42,0.27,0.44,0.20,0.03,0.04,0.00,0.01,0.03,0.76,0.84,1.26,0.13,0.60,0.47,0.05
59150298,8880,0.02,0.50,0.16,0.21,0.60,0.41,0.34,0.29,0.52,0.13,0.02,0.07,0.01,0.01,0.04,0.76,1.36,1.68,0.30,0.60,0.65,0.06
59150302,6270,0.06,0.51,0.13,0.18,0.57,0.46,0.37,0.28,0.50,0.02,0.02,0.03,0.01,0.01,0.05,0.85,0.81,1.35,0.36,0.47,0.61,0.03
59150303,5655,0.18,0.46,0.15,0.16,0.56,0.45,0.37,0.28,0.48,0.05,0.01,0.02,0.01,0.00,0.05,0.88,0.64,1.05,0.19,0.53,0.62,0.04
59150310,9160,0.02,0.51,0.18,0.19,0.61,0.42,0.36,0.31,0.48,0.10,0.05,0.39,0.01,0.01,0.02,0.77,1.16,1.11,0.32,0.51,0.63,0.05
59150311,6105,0.32,0.52,0.23,0.20,0.66,0.39,0.46,0.31,0.34,0.03,0.08,0.47,0.02,0.02,0.04,0.58,0.74,0.94,0.34,0.41,0.65,0.07
59150317,10825,0.35,0.48,0.18,0.18,0.64,0.43,0.40,0.29,0.39,0.51,0.10,0.09,0.00,0.01,0.02,0.77,1.34,1.53,0.30,0.57,0.59,0.06
59150321,10350,0.39,0.47,0.17,0.18,0.63,0.44,0.39,0.3,0.39,0.67,0.06,0.05,0.00,0.01,0.01,0.78,1.48,1.08,0.31,0.56,0.53,0.07
59150329,9920,1.50,0.46,0.20,0.20,0.71,0.44,0.43,0.27,0.33,0.65,0.10,0.05,0.00,0.01,0.01,0.74,0.45,1.23,0.28,0.57,0.61,0.05
59150332,11925,0.35,0.48,0.17,0.22,0.63,0.41,0.43,0.3,0.53,0.07,0.06,0.09,0.01,0.02,0.03,0.61,1.32,1.46,0.27,0.63,0.70,0.05
59150333,17105,0.77,0.47,0.21,0.23,0.69,0.43,0.49,0.27,0.45,0.08,0.09,0.15,0.01,0.02,0.03,0.52,0.73,1.32,0.24,0.67,0.68,0.06
59170015,8130,0.08,0.48,0.13,0.18,0.58,0.45,0.34,0.28,0.51,0.03,0.01,0.03,0.00,0.00,0.04,0.83,0.67,1.15,0.29,0.60,0.66,0.04
59170017,2225,0.01,0.51,0.15,0.21,0.66,0.42,0.31,0.28,0.52,0.01,0.00,0.02,0.00,0.00,0.07,0.88,0.76,1.28,0.33,0.47,0.74,0.05
59170024,10550,0.06,0.50,0.19,0.21,0.63,0.40,0.41,0.28,0.46,0.05,0.04,0.06,0.02,0.01,0.05,0.75,0.62,1.13,0.29,0.57,0.68,0.06
59170025,9360,0.15,0.47,0.22,0.21,0.63,0.41,0.45,0.27,0.40,0.04,0.02,0.02,0.01,0.01,0.09,0.68,0.39,1.25,0.34,0.51,0.70,0.06
59170027,7720,0.06,0.49,0.21,0.24,0.64,0.36,0.36,0.29,0.45,0.03,0.01,0.02,0.01,0.01,0.06,0.74,0.52,1.29,0.33,0.54,0.75,0.06
59170031,9010,0.17,0.49,0.18,0.18,0.58,0.44,0.41,0.28,0.44,0.17,0.02,0.07,0.00,0.01,0.03,0.77,0.68,1.27,0.29,0.60,0.59,0.06
59170048,8445,0.39,0.49,0.32,0.21,0.79,0.39,0.57,0.26,0.36,0.09,0.07,0.05,0.03,0.01,0.06,0.39,0.50,1.00,0.28,0.58,0.75,0.06
59170055,5550,0.32,0.44,0.14,0.16,0.51,0.50,0.47,0.27,0.57,0.05,0.02,0.02,0.01,0.01,0.04,0.57,0.91,1.11,0.22,0.69,0.61,0.05
59170057,6335,0.76,0.43,0.29,0.18,0.68,0.49,0.62,0.23,0.42,0.03,0.02,0.02,0.02,0.01,0.05,0.31,0.47,0.98,0.13,0.69,0.66,0.06
59190008,450,NULL,0.50,0.23,0.16,0.52,0.29,0.52,0.33,0.17,0.00,0.00,0.00,0.00,0.00,0.99,0.67,NULL,NULL,0.17,0.19,0.46,0.38
59190011,7365,NULL,0.50,0.13,0.19,0.60,0.44,0.36,0.27,0.40,0.02,0.01,0.01,0.00,0.00,0.08,0.82,0.44,1.02,0.28,0.55,0.64,0.07
59190014,170,0.01,0.53,0.26,0.18,0.68,0.34,0.54,0.31,NULL,0.00,0.00,0.00,0.00,0.00,0.94,0.86,NULL,NULL,0.20,0.40,0.48,0.17
59190015,100,0.08,0.55,0.25,0.20,0.65,0.30,0.71,0.34,NULL,0.00,0.00,0.00,0.00,0.00,0.95,0.75,NULL,NULL,0.27,0.40,0.40,0.33
59190019,4945,0.24,0.44,0.13,0.14,0.50,0.51,0.56,0.26,0.29,0.01,0.01,0.01,0.01,0.00,0.15,0.54,0.26,0.83,0.18,0.47,0.49,0.09
59190021,265,0.12,0.49,0.02,0.00,0.48,0.71,0.48,0.21,0.11,0.04,0.00,0.04,0.00,0.00,0.04,0.97,0.06,0.00,0.26,0.10,0.14,0.00
59190022,85,0.01,0.47,0.12,0.06,0.96,0.60,0.25,0.2,NULL,0.00,0.00,0.00,0.00,0.00,0.11,0.70,0.82,0.00,0.28,0.61,0.61,0.18
59210004,8945,0.05,0.45,0.06,0.09,0.39,0.60,0.32,0.23,0.42,0.01,0.01,0.00,0.00,0.00,0.04,0.86,0.49,1.10,0.10,0.63,0.35,0.06
59210010,7290,0.19,0.46,0.11,0.15,0.51,0.49,0.38,0.27,0.43,0.08,0.01,0.05,0.01,0.00,0.05,0.79,0.50,1.09,0.15,0.57,0.54,0.07
59210012,5925,0.16,0.48,0.14,0.18,0.57,0.45,0.31,0.27,0.46,0.08,0.02,0.04,0.00,0.01,0.06,0.85,0.54,1.27,0.17,0.60,0.58,0.07
59210015,9360,0.06,0.49,0.19,0.19,0.60,0.41,0.38,0.28,0.40,0.03,0.03,0.02,0.01,0.01,0.08,0.77,0.40,1.12,0.30,0.54,0.63,0.08
59210019,6720,0.15,0.49,0.28,0.17,0.77,0.38,0.56,0.27,0.31,0.05,0.04,0.03,0.01,0.01,0.12,0.54,0.30,0.89,0.34,0.49,0.60,0.11
59210025,7060,0.01,0.51,0.14,0.19,0.61,0.45,0.36,0.26,0.43,0.01,0.01,0.00,0.00,0.00,0.08,0.85,0.44,0.99,0.31,0.51,0.62,0.08
59230001,4570,NULL,0.52,0.25,0.23,0.70,0.40,0.46,0.27,0.36,0.03,0.02,0.00,0.00,0.00,0.15,0.64,0.50,0.97,0.27,0.61,0.76,0.07
59230005,625,0.05,0.51,0.23,0.16,0.56,0.30,0.43,0.34,0.19,0.00,0.00,0.00,0.00,0.00,0.96,0.69,NULL,NULL,0.15,0.51,0.59,0.23
59230008,90,0.10,0.61,0.28,0.17,0.85,0.38,0.56,0.27,NULL,0.00,0.00,0.00,0.00,0.00,0.95,1.00,NULL,NULL,0.25,0.38,0.69,0.18
59240001,6110,NULL,0.51,0.11,0.15,0.58,0.49,0.37,0.25,0.33,0.01,0.01,0.00,0.00,0.00,0.08,0.80,0.29,0.69,0.19,0.54,0.55,0.10
59240017,65,NULL,0.46,0.15,0.31,0.89,0.46,0.42,0.25,NULL,0.00,0.00,0.00,0.00,0.00,1.00,0.50,NULL,NULL,0.27,0.45,0.50,0.00
59240020,8520,0.19,0.48,0.15,0.17,0.57,0.45,0.41,0.27,0.41,0.02,0.02,0.01,0.00,0.01,0.10,0.75,0.33,1.00,0.31,0.51,0.58,0.09
59240024,205,0.04,0.56,0.24,0.24,0.71,0.38,0.57,0.28,NULL,0.00,0.00,0.00,0.00,0.00,0.95,0.27,NULL,NULL,0.34,0.23,0.49,0.23
59260001,8620,NULL,0.51,0.13,0.17,0.63,0.46,0.33,0.27,0.39,0.01,0.00,0.00,0.00,0.00,0.07,0.85,0.46,0.87,0.30,0.55,0.63,0.08
59260003,15150,0.07,0.47,0.13,0.16,0.53,0.48,0.40,0.26,0.39,0.03,0.01,0.01,0.01,0.00,0.07,0.75,0.37,0.95,0.32,0.52,0.53,0.09
59260006,14030,0.08,0.47,0.11,0.16,0.52,0.48,0.37,0.26,0.41,0.02,0.01,0.01,0.00,0.00,0.08,0.77,0.39,0.99,0.28,0.58,0.54,0.07
59260008,40,0.04,0.50,0.13,0.38,0.63,0.32,0.33,0.4,NULL,NULL,NULL,NULL,NULL,NULL,NULL,NULL,NULL,NULL,NULL,NULL,NULL,NULL
59260009,220,0.04,0.52,0.14,0.16,0.84,0.47,0.53,0.26,NULL,0.00,0.00,0.00,0.00,0.00,0.52,0.95,NULL,NULL,0.24,0.39,0.59,0.09
59310009,130,0.01,0.54,0.27,0.15,0.85,0.40,0.52,0.3,NULL,0.00,0.00,0.00,0.00,0.00,0.89,0.80,NULL,NULL,0.48,0.26,0.48,0.00
59310011,110,0.01,0.55,0.14,0.23,0.73,0.42,0.42,0.28,NULL,0.00,0.00,0.00,0.00,0.00,1.00,0.78,NULL,NULL,0.21,0.47,0.68,0.23
59310015,65,NULL,0.54,0.23,0.15,1.17,0.49,0.50,0.3,NULL,0.00,0.00,0.00,0.00,0.00,0.77,0.57,NULL,NULL,0.25,0.33,0.42,0.40
59310017,40,NULL,0.50,0.25,0.50,0.88,0.32,0.50,0.4,NULL,0.00,0.00,0.00,0.00,0.00,0.88,1.00,NULL,NULL,0.33,0.67,0.67,0.50
59310026,60,NULL,0.50,0.17,0.17,0.50,0.33,0.57,0.23,NULL,0.17,0.00,0.17,0.00,0.00,0.83,0.75,NULL,NULL,0.38,0.25,0.50,0.50
59310028,160,0.12,0.50,0.28,0.22,0.73,0.34,0.63,0.3,NULL,0.00,0.00,0.00,0.00,0.00,0.94,0.56,NULL,NULL,0.41,0.26,0.52,0.14
59310033,105,0.04,0.48,0.38,0.14,0.85,0.35,0.53,0.27,NULL,0.00,0.00,0.00,0.00,0.00,0.95,0.80,NULL,NULL,0.35,0.35,0.65,0.18
59330013,295,NULL,0.51,0.17,0.19,0.69,0.37,0.53,0.29,0.29,0.00,0.00,0.00,0.00,0.00,0.92,0.83,NULL,NULL,0.32,0.34,0.59,0.12
59330016,70,NULL,0.43,0.21,0.14,0.89,0.41,0.55,0.22,NULL,0.00,0.00,0.00,0.00,0.00,0.86,0.50,NULL,NULL,0.25,0.33,0.58,0.29
59330017,60,NULL,0.50,0.17,0.25,0.67,0.37,0.40,0.25,NULL,0.00,0.00,0.00,0.00,0.00,0.83,0.75,NULL,NULL,0.30,0.60,0.90,0.22
59330041,40,0.03,0.38,0.25,0.25,1.38,0.41,0.67,0.3,NULL,0.00,0.00,0.00,0.00,0.00,0.89,0.50,NULL,NULL,0.33,0.50,0.29,0.00
59330055,140,0.01,0.54,0.14,0.25,0.64,0.33,0.63,0.34,NULL,0.00,0.00,0.00,0.00,0.00,0.96,0.78,NULL,NULL,0.40,0.25,0.50,0.20
59330059,12455,NULL,0.50,0.14,0.17,0.61,0.46,0.38,0.26,0.41,0.02,0.01,0.03,0.01,0.00,0.17,0.75,0.33,0.85,0.30,0.47,0.59,0.08
59330063,80,0.04,0.56,0.13,0.13,0.78,0.45,0.53,0.23,NULL,0.00,0.00,0.00,0.00,0.00,0.94,0.71,NULL,NULL,0.33,0.27,0.53,0.25
59330064,6230,0.02,0.50,0.16,0.20,0.75,0.40,0.31,0.28,0.50,0.01,0.00,0.00,0.00,0.00,0.09,0.93,0.45,1.09,0.19,0.54,0.68,0.06
59330077,70,0.01,0.50,0.21,0.07,0.67,0.34,0.60,0.28,NULL,0.00,0.00,0.00,0.00,0.00,1.00,1.33,NULL,NULL,0.40,0.40,0.64,0.57
59330085,40,NULL,0.63,0.13,0.25,1.25,0.41,0.43,0.35,NULL,0.00,0.00,0.00,0.00,0.00,0.88,1.33,NULL,NULL,0.25,0.63,0.50,0.00
59330607,8390,0.02,0.52,0.30,0.17,0.67,0.41,0.50,0.26,0.46,0.07,0.01,0.06,0.01,0.01,0.08,0.64,0.43,1.13,0.12,0.61,0.65,0.07
59350003,10710,NULL,0.50,0.15,0.18,0.60,0.44,0.34,0.28,0.53,0.02,0.01,0.05,0.00,0.01,0.06,0.85,0.67,1.11,0.31,0.54,0.65,0.07
59350010,7195,0.21,0.48,0.30,0.18,0.70,0.45,0.56,0.24,0.41,0.02,0.02,0.01,0.01,0.01,0.08,0.47,0.42,1.26,0.29,0.58,0.68,0.08
59350011,8940,0.22,0.49,0.26,0.17,0.64,0.43,0.51,0.27,0.38,0.03,0.01,0.01,0.01,0.01,0.06,0.54,0.45,1.14,0.32,0.55,0.70,0.07
59350014,9585,0.17,0.50,0.22,0.20,0.63,0.40,0.47,0.28,0.34,0.02,0.04,0.10,0.00,0.01,0.08,0.71,0.39,1.20,0.35,0.44,0.69,0.08
59350016,7740,0.33,0.47,0.23,0.16,0.60,0.48,0.53,0.24,0.33,0.03,0.02,0.01,0.00,0.01,0.06,0.54,0.38,1.06,0.31,0.54,0.58,0.07
59350017,5430,0.03,0.49,0.11,0.13,0.55,0.51,0.29,0.24,0.40,0.01,0.01,0.01,0.00,0.00,0.06,0.86,0.50,1.12,0.17,0.57,0.51,0.09
59350019,8150,0.38,0.47,0.24,0.18,0.61,0.42,0.57,0.26,0.29,0.02,0.03,0.04,0.02,0.01,0.10,0.53,0.26,1.01,0.33,0.46,0.64,0.08
59350022,9590,0.03,0.50,0.16,0.19,0.78,0.42,0.31,0.28,0.55,0.01,0.01,0.04,0.01,0.00,0.06,0.87,0.61,1.30,0.32,0.55,0.65,0.07
59370015,10650,0.02,0.49,0.12,0.18,0.58,0.44,0.32,0.29,0.51,0.02,0.01,0.01,0.00,0.00,0.05,0.90,0.58,1.16,0.28,0.59,0.63,0.07
59390007,55,NULL,0.45,0.00,0.27,1.04,0.51,0.40,0.23,NULL,0.00,0.00,0.00,0.00,0.00,0.70,0.67,NULL,NULL,0.33,0.33,0.56,0.00
59390010,130,NULL,0.46,0.12,0.12,0.81,0.48,0.55,0.26,NULL,0.00,0.00,0.00,0.00,0.00,0.52,1.00,NULL,NULL,0.38,0.43,0.48,0.20
59410002,5280,NULL,0.52,0.12,0.19,0.80,0.44,0.34,0.27,0.41,0.01,0.01,0.00,0.00,0.00,0.12,0.89,0.23,0.71,0.32,0.41,0.60,0.12
59410021,90,NULL,0.56,0.28,0.17,0.73,0.34,0.62,0.35,NULL,0.00,0.00,0.00,0.00,0.00,1.00,NULL,NULL,NULL,0.23,0.15,0.46,0.50
59410026,9875,0.03,0.49,0.17,0.18,0.58,0.42,0.45,0.28,0.42,0.02,0.01,0.05,0.00,0.00,0.16,0.63,0.21,0.74,0.33,0.39,0.58,0.11
59410041,195,0.01,0.51,0.21,0.23,0.77,0.36,0.50,0.3,NULL,0.00,0.00,0.00,0.00,0.00,0.95,0.50,NULL,NULL,0.13,0.17,0.47,0.21
59410044,6990,NULL,0.52,0.15,0.19,0.63,0.42,0.33,0.27,0.44,0.00,0.01,0.01,0.01,0.00,0.17,0.88,0.25,0.83,0.34,0.44,0.66,0.09
59410046,345,NULL,0.55,0.19,0.19,0.78,0.42,0.56,0.28,0.21,0.00,0.00,0.00,0.00,0.03,0.99,0.50,NULL,NULL,0.19,0.14,0.47,0.39
59410067,5990,NULL,0.52,0.09,0.14,0.61,0.51,0.30,0.24,0.33,0.01,0.00,0.00,0.00,0.00,0.10,0.90,0.33,0.83,0.31,0.45,0.49,0.12
59410069,80,0.01,0.63,0.25,0.25,0.84,0.38,0.67,0.32,NULL,0.00,0.00,0.00,0.00,0.00,0.94,0.67,NULL,NULL,0.17,0.33,0.58,0.00
59430009,75,NULL,0.53,0.33,0.07,0.76,0.34,0.73,0.28,NULL,0.00,0.00,0.00,0.00,0.00,0.94,0.43,NULL,NULL,0.25,0.33,0.75,0.00
59430010,465,0.02,0.47,0.11,0.18,0.75,0.43,0.55,0.28,0.24,0.00,0.00,0.00,0.00,0.00,0.98,0.55,NULL,NULL,0.10,0.36,0.36,0.15
59470002,40,NULL,0.50,0.00,0.13,1.38,0.59,0.43,0.2,NULL,0.00,0.00,0.00,0.00,0.00,0.25,0.80,0.37,0.00,0.25,0.50,0.50,0.00
59470006,12685,0.01,0.51,0.19,0.19,0.61,0.40,0.45,0.28,0.45,0.03,0.05,0.03,0.01,0.00,0.35,0.60,0.31,0.86,0.32,0.42,0.68,0.12
59470007,835,0.02,0.47,0.18,0.19,0.61,0.39,0.45,0.29,0.31,0.01,0.01,0.00,0.00,0.00,0.85,0.81,NULL,NULL,0.26,0.38,0.69,0.12
59490003,55,0.01,0.64,0.27,0.09,0.62,0.34,0.43,0.25,NULL,0.20,0.00,0.00,0.00,0.00,1.10,NULL,NULL,NULL,0.29,0.43,0.71,0.60
59490016,190,0.02,0.53,0.13,0.18,0.74,0.40,0.63,0.27,NULL,0.00,0.00,0.00,0.00,0.00,1.00,0.80,NULL,NULL,0.17,0.47,0.53,0.31
59490019,110,0.01,0.59,0.18,0.23,0.72,0.38,0.56,0.28,NULL,0.00,0.00,0.00,0.00,0.00,1.00,0.63,NULL,NULL,0.28,0.22,0.50,0.22
59490020,335,0.01,0.52,0.19,0.18,0.70,0.38,0.53,0.28,0.27,0.03,0.03,0.00,0.00,0.00,0.97,0.86,NULL,NULL,0.25,0.48,0.64,0.18
59490027,90,0.12,0.44,0.17,0.17,0.75,0.41,0.60,0.3,NULL,0.00,0.00,0.00,0.00,0.00,0.94,0.80,NULL,NULL,0.27,0.40,0.56,0.44
59490028,8140,NULL,0.52,0.18,0.19,0.63,0.41,0.38,0.28,0.57,0.02,0.01,0.02,0.01,0.01,0.12,0.80,0.29,1.04,0.32,0.48,0.63,0.13
59510001,7915,NULL,0.51,0.16,0.18,0.62,0.41,0.36,0.28,0.45,0.01,0.01,0.01,0.01,0.00,0.19,0.77,0.18,0.74,0.33,0.42,0.65,0.13
59510003,6585,NULL,0.51,0.16,0.19,0.73,0.39,0.31,0.29,0.46,0.00,0.01,0.00,0.00,0.00,0.08,0.89,0.36,0.84,0.30,0.53,0.72,0.10
59510005,195,0.01,0.54,0.21,0.21,0.72,0.37,0.63,0.28,NULL,0.00,0.00,0.00,0.00,0.00,0.95,0.46,NULL,NULL,0.06,0.45,0.45,0.36
59510017,85,NULL,0.53,0.29,0.18,0.65,0.26,0.64,0.28,NULL,0.00,0.00,0.00,0.00,0.00,0.89,0.40,NULL,NULL,0.18,0.18,0.55,0.67
59530004,1245,NULL,0.55,0.14,0.20,0.67,0.43,0.34,0.27,0.58,0.01,0.01,0.00,0.00,0.00,0.10,0.89,0.24,0.59,0.21,0.55,0.63,0.13
59530005,3525,NULL,0.51,0.13,0.20,0.75,0.41,0.28,0.29,0.61,0.01,0.02,0.00,0.00,0.00,0.09,0.95,0.40,1.09,0.30,0.53,0.70,0.06
59530011,6450,0.15,0.49,0.22,0.19,0.76,0.39,0.42,0.28,0.48,0.04,0.01,0.06,0.01,0.01,0.12,0.77,0.28,1.05,0.32,0.54,0.70,0.06
59530012,8890,0.22,0.50,0.27,0.18,0.63,0.38,0.52,0.28,0.41,0.04,0.02,0.02,0.02,0.01,0.19,0.53,0.26,0.89,0.35,0.46,0.68,0.10
59530013,6745,0.21,0.49,0.25,0.19,0.77,0.39,0.46,0.28,0.41,0.03,0.06,0.11,0.02,0.00,0.14,0.61,0.27,1.03,0.33,0.46,0.69,0.09
59550003,235,NULL,0.49,0.26,0.17,0.63,0.33,0.50,0.38,NULL,0.00,0.00,0.00,0.00,0.00,0.96,0.38,NULL,NULL,0.09,0.21,0.73,0.29
59550014,12180,0.05,0.49,0.26,0.18,0.64,0.37,0.48,0.29,0.50,0.01,0.04,0.03,0.01,0.00,0.17,0.61,0.30,1.12,0.30,0.46,0.71,0.12
59590001,4830,NULL,0.52,0.22,0.22,0.68,0.36,0.38,0.29,0.60,0.01,0.05,0.01,0.01,0.00,0.19,0.71,0.29,0.97,0.24,0.43,0.75,0.13
59550007,120,NULL,0.46,0.21,0.21,0.74,0.38,0.75,0.34,NULL,0.00,0.00,0.00,0.00,0.00,0.88,NULL,NULL,NULL,0.10,0.40,0.62,0.23
59550008,8240,NULL,0.52,0.19,0.21,0.62,0.37,0.31,0.3,0.70,0.01,0.01,0.00,0.00,0.00,0.13,0.86,0.53,1.22,0.29,0.45,0.72,0.11
59550011,6715,NULL,0.52,0.17,0.19,0.75,0.40,0.31,0.28,0.57,0.01,0.00,0.00,0.00,0.00,0.15,0.89,0.39,0.99,0.30,0.47,0.71,0.12
59570001,230,NULL,0.54,0.20,0.17,0.80,0.44,0.45,0.27,NULL,0.00,0.00,0.00,0.00,0.00,0.33,0.70,0.22,0.51,0.29,0.42,0.61,0.25
59570004,40,NULL,0.38,0.38,0.00,0.63,0.36,0.50,0.3,NULL,NULL,NULL,NULL,NULL,NULL,NULL,NULL,NULL,NULL,NULL,NULL,NULL,NULL
59010001,10775,NULL,0.50,0.14,0.18,0.59,0.46,0.34,0.26,0.43,0.01,0.01,0.00,0.00,0.00,0.07,0.82,0.43,1.01,0.28,0.56,0.64,0.08
59010006,7425,0.01,0.50,0.15,0.19,0.57,0.45,0.37,0.27,0.41,0.01,0.01,0.00,0.00,0.00,0.06,0.74,0.28,0.90,0.28,0.58,0.62,0.09
59030002,8955,NULL,0.51,0.13,0.18,0.60,0.46,0.36,0.26,0.38,0.01,0.01,0.00,0.00,0.00,0.07,0.83,0.36,0.78,0.26,0.52,0.59,0.09
59030003,7920,NULL,0.52,0.12,0.19,0.64,0.46,0.40,0.26,0.33,0.01,0.01,0.01,0.00,0.00,0.08,0.80,0.33,0.78,0.26,0.57,0.60,0.10
59030006,8040,0.04,0.49,0.17,0.18,0.57,0.45,0.41,0.27,0.40,0.01,0.01,0.03,0.01,0.00,0.07,0.78,0.30,0.88,0.29,0.56,0.60,0.08
59030008,110,NULL,0.45,0.27,0.32,0.72,0.32,0.67,0.32,NULL,0.00,0.00,0.00,0.00,0.00,0.91,0.38,NULL,NULL,0.17,0.44,0.61,0.27
59032000,7735,NULL,0.50,0.13,0.20,0.61,0.45,0.37,0.26,0.38,0.02,0.00,0.00,0.00,0.00,0.05,0.84,0.45,0.94,0.28,0.62,0.63,0.09
59050002,11655,NULL,0.51,0.15,0.19,0.79,0.43,0.34,0.27,0.47,0.01,0.01,0.00,0.00,0.00,0.06,0.84,0.31,0.87,0.26,0.60,0.63,0.07
59070009,9915,0.12,0.45,0.12,0.13,0.47,0.55,0.44,0.24,0.39,0.01,0.03,0.04,0.00,0.00,0.08,0.71,0.34,1.16,0.31,0.49,0.47,0.10
59070017,80,NULL,0.50,0.25,0.06,0.83,0.40,0.50,0.32,NULL,0.00,0.00,0.00,0.00,0.00,0.88,1.00,NULL,NULL,0.23,0.31,0.54,0.29
59070111,15430,NULL,0.48,0.10,0.13,0.54,0.53,0.36,0.25,0.31,0.01,0.01,0.10,0.00,0.01,0.05,0.77,0.41,0.92,0.31,0.48,0.49,0.08
59090003,80,0.03,0.56,0.19,0.13,0.45,0.29,0.64,0.32,NULL,NULL,NULL,NULL,NULL,NULL,NULL,NULL,NULL,NULL,NULL,NULL,NULL,NULL
59090010,65,0.03,0.69,0.15,0.23,0.73,0.38,0.64,0.3,NULL,0.00,0.00,0.00,0.00,0.00,1.00,0.80,NULL,NULL,0.30,0.40,0.80,0.00
59090023,50,0.01,0.50,0.00,0.20,1.00,0.41,0.43,0.27,NULL,0.20,0.00,0.00,0.00,0.00,0.70,1.00,NULL,NULL,0.29,0.29,0.38,0.00
59090030,115,0.01,0.52,0.17,0.13,0.57,0.32,0.44,0.35,NULL,0.00,0.00,0.00,0.00,0.00,0.96,0.33,NULL,NULL,0.25,0.44,0.50,0.50
59090031,1470,0.03,0.48,0.10,0.14,0.55,0.52,0.33,0.24,0.35,0.03,0.01,0.01,0.01,0.01,0.07,0.80,0.42,0.89,0.29,0.59,0.49,0.09
59090042,765,NULL,0.50,0.24,0.14,0.54,0.30,0.52,0.33,0.21,0.00,0.01,0.00,0.00,0.00,0.94,0.71,NULL,NULL,0.13,0.48,0.58,0.23
59090043,215,0.03,0.44,0.07,0.16,0.88,0.54,0.38,0.23,NULL,0.00,0.00,0.00,0.00,0.00,0.18,0.87,NULL,NULL,0.30,0.47,0.50,0.15
59090046,8605,0.04,0.48,0.18,0.17,0.55,0.45,0.44,0.28,0.35,0.02,0.04,0.01,0.01,0.01,0.10,0.73,0.37,1.02,0.36,0.44,0.60,0.07
59090074,8150,0.13,0.47,0.15,0.14,0.50,0.48,0.39,0.27,0.36,0.03,0.01,0.02,0.00,0.01,0.08,0.80,0.39,1.02,0.34,0.48,0.54,0.05
59090075,175,0.01,0.54,0.23,0.20,0.71,0.36,0.64,0.27,NULL,0.00,0.00,0.00,0.00,0.00,0.89,0.75,NULL,NULL,0.25,0.43,0.54,0.20
59090077,205,0.01,0.51,0.22,0.17,0.60,0.33,0.67,0.29,NULL,0.17,0.00,0.00,0.00,0.05,0.90,0.86,NULL,NULL,0.31,0.38,0.52,0.20
59090078,840,0.12,0.48,0.12,0.12,0.46,0.53,0.33,0.25,0.26,0.03,0.01,0.00,0.00,0.01,0.32,0.95,NULL,NULL,0.11,0.46,0.36,0.07
59090080,45,0.02,0.56,0.11,0.11,0.56,0.35,0.71,0.2,NULL,0.00,0.00,0.00,0.00,0.00,1.13,1.00,NULL,NULL,0.43,0.29,0.57,0.00
59090092,13545,0.01,0.51,0.19,0.19,0.59,0.39,0.35,0.31,0.48,0.03,0.03,0.23,0.01,0.00,0.05,0.77,0.87,1.03,0.33,0.46,0.69,0.04
59090093,11445,0.26,0.50,0.26,0.20,0.66,0.37,0.47,0.28,0.39,0.05,0.02,0.05,0.02,0.01,0.08,0.55,0.44,0.92,0.35,0.48,0.68,0.06
59150002,3680,0.01,0.48,0.10,0.20,0.59,0.45,0.31,0.28,0.61,0.03,0.01,0.01,0.01,0.01,0.04,0.83,0.94,1.40,0.21,0.72,0.69,0.03
59150010,7050,0.03,0.49,0.19,0.21,0.64,0.41,0.41,0.29,0.51,0.07,0.06,0.09,0.01,0.01,0.04,0.77,0.96,1.57,0.14,0.63,0.71,0.04
59150013,6095,0.17,0.48,0.12,0.19,0.57,0.43,0.36,0.31,0.88,0.16,0.02,0.10,0.00,0.01,0.02,0.85,1.77,2.21,0.09,0.69,0.61,0.06
59150015,6000,0.25,0.49,0.14,0.18,0.58,0.44,0.38,0.3,0.71,0.09,0.01,0.13,0.00,0.01,0.02,0.79,1.67,1.81,0.11,0.68,0.63,0.06
59150018,8075,0.23,0.49,0.17,0.22,0.67,0.43,0.42,0.28,0.51,0.07,0.04,0.26,0.00,0.01,0.02,0.67,1.01,1.36,0.11,0.71,0.66,0.06
59150019,13285,0.30,0.51,0.27,0.23,0.77,0.46,0.52,0.23,0.59,0.09,0.03,0.09,0.01,0.03,0.03,0.26,1.00,1.48,0.19,0.76,0.69,0.06
59150020,6440,0.25,0.49,0.21,0.24,0.67,0.38,0.44,0.29,0.47,0.12,0.06,0.16,0.02,0.01,0.04,0.67,0.88,1.51,0.13,0.69,0.73,0.05
59150028,7735,0.26,0.48,0.15,0.21,0.61,0.42,0.41,0.29,0.51,0.10,0.03,0.09,0.01,0.02,0.02,0.62,1.09,1.30,0.14,0.62,0.68,0.05
59150031,7925,0.65,0.47,0.33,0.25,0.89,0.41,0.51,0.24,0.63,0.13,0.02,0.04,0.01,0.01,0.03,0.44,0.97,1.39,0.10,0.79,0.78,0.05
59150032,7765,1.07,0.46,0.38,0.23,0.80,0.42,0.55,0.22,0.61,0.06,0.02,0.04,0.01,0.02,0.03,0.29,0.84,1.41,0.11,0.80,0.79,0.05
59150036,7165,0.93,0.54,0.50,0.25,0.89,0.37,0.58,0.22,0.64,0.25,0.04,0.12,0.01,0.04,0.02,0.38,0.75,1.72,0.11,0.80,0.76,0.04
59150041,7285,0.53,0.58,0.17,0.22,0.79,0.49,0.77,0.26,0.33,0.32,0.07,0.01,0.03,0.03,0.11,0.11,0.63,0.63,0.16,0.45,0.44,0.09
59150042,9110,2.40,0.54,0.40,0.23,0.85,0.42,0.57,0.22,0.45,0.07,0.03,0.07,0.01,0.05,0.03,0.21,0.61,1.31,0.22,0.73,0.76,0.04
59150046,11810,2.57,0.53,0.35,0.26,0.84,0.42,0.51,0.23,0.72,0.20,0.04,0.13,0.01,0.03,0.02,0.46,1.05,1.52,0.19,0.77,0.73,0.06
59150050,6975,2.02,0.49,0.21,0.25,0.72,0.44,0.42,0.26,0.79,0.23,0.02,0.12,0.01,0.02,0.02,0.55,1.10,1.91,0.10,0.77,0.68,0.05
59150053,1655,0.09,0.49,0.17,0.18,0.73,0.40,0.47,0.3,0.49,0.12,0.02,0.03,0.00,0.02,0.48,0.72,NULL,NULL,0.30,0.54,0.61,0.09
59150055,7755,0.22,0.47,0.18,0.18,0.59,0.43,0.44,0.31,1.03,0.49,0.02,0.04,0.01,0.00,0.01,0.84,3.05,2.14,0.10,0.65,0.51,0.05
59150058,13855,0.89,0.49,0.37,0.27,0.81,0.39,0.42,0.24,0.72,0.21,0.04,0.05,0.01,0.01,0.02,0.54,0.81,1.71,0.15,0.72,0.82,0.04
59150059,10055,0.29,0.50,0.23,0.22,0.69,0.41,0.47,0.29,0.43,0.35,0.08,0.03,0.01,0.02,0.05,0.64,1.22,1.20,0.28,0.53,0.67,0.05
59150061,8430,0.18,0.48,0.16,0.18,0.57,0.43,0.38,0.31,0.96,0.37,0.01,0.02,0.00,0.01,0.01,0.83,3.03,2.03,0.09,0.70,0.58,0.07
59150062,9230,0.58,0.51,0.36,0.28,0.81,0.39,0.56,0.24,0.48,0.10,0.09,0.04,0.02,0.02,0.07,0.38,0.48,1.08,0.19,0.72,0.78,0.05
59150066,6850,0.51,0.43,0.16,0.18,0.56,0.46,0.48,0.28,0.65,0.47,0.01,0.05,0.00,0.01,0.02,0.49,2.08,1.65,0.09,0.67,0.50,0.08
59150073,9155,0.06,0.48,0.25,0.26,0.80,0.38,0.41,0.27,0.53,0.10,0.03,0.08,0.01,0.02,0.04,0.63,0.61,1.35,0.24,0.68,0.75,0.06
59150075,7105,0.43,0.46,0.20,0.19,0.64,0.43,0.48,0.28,0.60,0.49,0.03,0.03,0.00,0.01,0.01,0.51,2.45,1.42,0.10,0.66,0.54,0.09
59150078,10095,0.36,0.46,0.21,0.18,0.63,0.44,0.45,0.29,0.49,0.61,0.04,0.07,0.00,0.01,0.01,0.59,2.49,1.56,0.26,0.62,0.51,0.06
59150084,7000,0.46,0.48,0.21,0.21,0.67,0.43,0.50,0.29,0.36,0.43,0.13,0.03,0.02,0.00,0.04,0.51,1.14,1.03,0.29,0.50,0.64,0.07
59150087,5745,0.37,0.50,0.20,0.20,0.63,0.42,0.41,0.29,0.40,0.44,0.05,0.04,0.01,0.02,0.02,0.74,1.46,1.15,0.16,0.51,0.59,0.06
59150094,12155,0.77,0.49,0.23,0.21,0.68,0.41,0.48,0.29,0.32,0.51,0.20,0.08,0.01,0.02,0.01,0.57,1.29,1.11,0.31,0.41,0.63,0.07
59150097,12115,0.02,0.49,0.19,0.27,0.71,0.35,0.29,0.31,0.53,0.34,0.06,0.10,0.01,0.02,0.02,0.90,1.04,1.57,0.26,0.64,0.72,0.05
59150100,10930,0.69,0.49,0.25,0.20,0.70,0.41,0.51,0.29,0.33,0.45,0.20,0.08,0.00,0.02,0.02,0.60,1.17,1.07,0.32,0.45,0.65,0.06
59150101,6130,0.36,0.50,0.22,0.19,0.64,0.42,0.45,0.29,0.42,0.45,0.06,0.06,0.02,0.01,0.02,0.61,1.49,1.18,0.16,0.53,0.57,0.07
59150102,6615,0.42,0.48,0.22,0.20,0.65,0.41,0.46,0.3,0.34,0.31,0.13,0.37,0.01,0.02,0.01,0.56,1.42,1.09,0.16,0.51,0.61,0.06
59150105,8690,0.17,0.50,0.22,0.19,0.66,0.42,0.45,0.3,0.38,0.38,0.15,0.12,0.02,0.02,0.01,0.65,1.07,0.98,0.30,0.56,0.63,0.06
59150109,9005,0.25,0.48,0.15,0.22,0.62,0.42,0.37,0.29,0.57,0.15,0.03,0.07,0.01,0.01,0.03,0.82,0.91,1.26,0.27,0.63,0.66,0.05
59150130,7280,0.15,0.49,0.20,0.19,0.63,0.42,0.39,0.3,0.52,0.35,0.07,0.16,0.02,0.03,0.02,0.74,1.72,1.34,0.14,0.59,0.61,0.06
59150131,11750,0.41,0.46,0.17,0.20,0.64,0.43,0.44,0.29,0.41,0.34,0.11,0.07,0.02,0.02,0.03,0.59,0.73,1.10,0.27,0.58,0.63,0.04
59150134,10445,0.32,0.48,0.28,0.19,0.73,0.40,0.40,0.29,0.33,0.76,0.09,0.06,0.00,0.01,0.00,0.78,0.76,1.44,0.31,0.54,0.65,0.06
59150137,10240,1.01,0.48,0.30,0.20,0.74,0.41,0.47,0.26,0.33,0.54,0.05,0.10,0.01,0.01,0.01,0.52,0.52,1.23,0.28,0.60,0.56,0.07
59150139,6795,0.06,0.50,0.20,0.19,0.65,0.41,0.40,0.29,0.44,0.33,0.08,0.15,0.01,0.01,0.02,0.78,1.41,1.26,0.17,0.57,0.66,0.05
59150140,8695,0.47,0.50,0.24,0.22,0.71,0.41,0.47,0.28,0.39,0.34,0.05,0.09,0.01,0.02,0.02,0.58,0.55,1.21,0.30,0.59,0.65,0.07
59150141,8910,0.47,0.49,0.20,0.22,0.75,0.38,0.39,0.3,0.40,0.27,0.07,0.08,0.02,0.02,0.04,0.68,0.73,1.38,0.31,0.56,0.67,0.05
59150143,5455,0.41,0.49,0.24,0.18,0.78,0.43,0.47,0.3,0.36,0.52,0.09,0.10,0.00,0.02,0.00,0.64,1.53,1.13,0.15,0.58,0.58,0.07
59150148,6600,0.62,0.49,0.27,0.22,0.83,0.40,0.47,0.27,0.38,0.36,0.05,0.10,0.02,0.02,0.03,0.57,0.36,1.18,0.16,0.61,0.68,0.06
59150163,11395,0.15,0.50,0.17,0.22,0.63,0.40,0.37,0.3,0.47,0.23,0.07,0.09,0.01,0.02,0.03,0.84,0.88,1.36,0.29,0.59,0.66,0.06
59150168,6610,1.42,0.48,0.25,0.23,0.83,0.42,0.49,0.27,0.35,0.32,0.08,0.12,0.04,0.02,0.03,0.47,0.48,0.91,0.17,0.58,0.62,0.07
59150182,9355,0.44,0.47,0.19,0.20,0.64,0.44,0.41,0.27,0.50,0.15,0.06,0.07,0.02,0.02,0.03,0.79,0.67,1.30,0.27,0.64,0.69,0.07
59150192,6425,0.21,0.49,0.16,0.23,0.63,0.38,0.37,0.32,0.46,0.24,0.06,0.11,0.02,0.02,0.03,0.79,0.76,1.21,0.18,0.53,0.69,0.04
59150194,9710,0.24,0.51,0.18,0.21,0.63,0.38,0.39,0.31,0.45,0.11,0.05,0.08,0.01,0.01,0.05,0.77,0.72,1.13,0.35,0.51,0.70,0.06
59150199,7295,0.14,0.49,0.16,0.20,0.65,0.42,0.34,0.3,0.55,0.24,0.03,0.07,0.01,0.01,0.02,0.93,0.83,1.20,0.16,0.61,0.69,0.04
59150207,5620,0.43,0.52,0.23,0.20,0.64,0.37,0.43,0.32,0.31,0.07,0.11,0.46,0.04,0.02,0.03,0.59,0.76,1.01,0.21,0.40,0.65,0.06
59150209,6930,0.52,0.52,0.29,0.21,0.82,0.39,0.53,0.28,0.32,0.17,0.15,0.24,0.03,0.03,0.04,0.44,0.42,0.94,0.17,0.55,0.66,0.09
59150214,9860,0.38,0.50,0.20,0.22,0.64,0.39,0.44,0.31,0.34,0.05,0.06,0.48,0.01,0.01,0.03,0.62,0.75,1.06,0.34,0.42,0.64,0.07
59150223,5655,0.33,0.49,0.15,0.20,0.59,0.43,0.43,0.29,0.46,0.07,0.02,0.03,0.01,0.02,0.05,0.66,0.84,1.05,0.19,0.54,0.66,0.05
59150225,6750,0.52,0.48,0.20,0.23,0.64,0.37,0.43,0.31,0.34,0.22,0.25,0.15,0.04,0.01,0.01,0.71,0.41,1.15,0.18,0.55,0.69,0.08
59150228,130,NULL,0.54,0.19,0.23,0.73,0.40,0.43,0.31,NULL,0.10,0.14,0.00,0.00,0.00,0.28,0.88,0.66,0.00,0.38,0.46,0.75,0.11
59150237,5295,0.16,0.50,0.20,0.21,0.67,0.39,0.40,0.29,0.44,0.04,0.02,0.04,0.02,0.00,0.08,0.80,0.53,1.06,0.38,0.46,0.72,0.05
59150239,5745,0.27,0.49,0.16,0.20,0.75,0.41,0.36,0.3,0.47,0.23,0.04,0.17,0.01,0.01,0.02,0.86,0.82,1.27,0.14,0.58,0.64,0.06
59150249,5190,0.39,0.50,0.22,0.21,0.75,0.38,0.41,0.32,0.36,0.06,0.12,0.58,0.01,0.01,0.03,0.63,0.86,0.76,0.19,0.42,0.66,0.06
59150250,260,0.06,0.48,0.27,0.17,0.67,0.32,0.47,0.31,0.22,0.00,0.00,0.00,0.00,0.00,0.92,0.85,NULL,NULL,0.31,0.28,0.54,0.19
59150254,8940,0.66,0.51,0.24,0.22,0.72,0.35,0.38,0.33,0.30,0.01,0.04,0.84,0.02,0.00,0.01,0.57,0.72,0.77,0.36,0.37,0.66,0.08
59150260,8815,0.32,0.50,0.19,0.19,0.61,0.41,0.36,0.3,0.42,0.08,0.03,0.53,0.01,0.01,0.01,0.80,0.89,0.94,0.34,0.49,0.63,0.06
59150261,8170,0.05,0.49,0.16,0.21,0.61,0.40,0.34,0.3,0.55,0.06,0.01,0.03,0.01,0.01,0.05,0.90,0.76,1.27,0.33,0.55,0.69,0.04
59150270,5080,0.01,0.51,0.16,0.22,0.75,0.40,0.33,0.3,0.50,0.06,0.02,0.03,0.01,0.01,0.06,0.88,0.85,1.40,0.17,0.57,0.70,0.06
59150271,7790,0.20,0.47,0.16,0.21,0.58,0.42,0.37,0.3,0.50,0.14,0.02,0.02,0.01,0.01,0.04,0.81,0.66,1.26,0.31,0.57,0.67,0.04
59150274,13355,0.21,0.48,0.21,0.24,0.63,0.36,0.37,0.3,0.46,0.07,0.06,0.08,0.01,0.01,0.03,0.81,0.57,1.51,0.31,0.55,0.71,0.04
59150282,6340,0.24,0.50,0.18,0.21,0.73,0.38,0.38,0.31,0.44,0.03,0.02,0.16,0.02,0.01,0.06,0.78,0.74,1.20,0.37,0.47,0.70,0.04
59150286,9065,0.23,0.50,0.17,0.19,0.62,0.42,0.34,0.29,0.44,0.05,0.04,0.11,0.01,0.00,0.06,0.87,0.71,1.22,0.37,0.49,0.68,0.05
59150297,7070,0.20,0.50,0.18,0.22,0.74,0.39,0.37,0.3,0.47,0.04,0.01,0.03,0.00,0.01,0.07,0.89,0.66,1.32,0.34,0.50,0.72,0.05
59150300,7760,0.32,0.44,0.11,0.15,0.49,0.52,0.45,0.26,0.37,0.09,0.04,0.04,0.01,0.01,0.04,0.84,0.54,1.31,0.15,0.56,0.54,0.06
59150305,10575,0.43,0.45,0.12,0.17,0.59,0.50,0.48,0.26,0.48,0.08,0.02,0.05,0.01,0.00,0.04,0.67,0.83,1.24,0.31,0.60,0.57,0.06
59150316,11510,0.02,0.50,0.20,0.20,0.65,0.41,0.41,0.3,0.39,0.29,0.12,0.23,0.01,0.01,0.01,0.61,1.01,1.35,0.31,0.53,0.66,0.05
59150318,5165,0.39,0.48,0.20,0.20,0.80,0.41,0.38,0.3,0.36,0.75,0.04,0.04,0.00,0.01,0.01,0.78,1.48,1.15,0.18,0.55,0.53,0.09
59150324,7380,0.05,0.47,0.13,0.22,0.59,0.44,0.37,0.29,0.55,0.29,0.05,0.05,0.00,0.00,0.02,0.88,0.98,1.35,0.14,0.65,0.65,0.04
59150326,15785,0.07,0.47,0.28,0.18,0.70,0.44,0.45,0.26,0.31,0.68,0.07,0.05,0.01,0.01,0.01,0.59,0.68,1.38,0.29,0.58,0.55,0.08
59150328,8350,1.28,0.45,0.17,0.21,0.67,0.45,0.44,0.28,0.34,0.54,0.12,0.05,0.01,0.01,0.00,0.71,0.43,1.15,0.28,0.59,0.62,0.06
59150330,7330,0.35,0.47,0.18,0.20,0.65,0.42,0.40,0.3,0.44,0.60,0.05,0.07,0.00,0.01,0.01,0.79,1.29,1.33,0.30,0.59,0.59,0.06
59150335,4570,1.39,0.49,0.30,0.21,0.85,0.41,0.47,0.26,0.34,0.44,0.07,0.14,0.01,0.04,0.02,0.34,0.52,1.25,0.14,0.65,0.62,0.09
59152002,5235,0.66,0.50,0.37,0.25,0.77,0.36,0.45,0.26,0.46,0.42,0.06,0.10,0.02,0.02,0.02,0.59,0.43,1.28,0.17,0.69,0.77,0.06
59170003,190,NULL,0.55,0.13,0.18,0.87,0.47,0.29,0.26,NULL,0.00,0.00,0.00,0.00,0.00,0.00,0.93,0.32,0.00,0.36,0.52,0.48,0.00
59170008,6265,0.27,0.45,0.10,0.13,0.47,0.53,0.41,0.25,0.40,0.02,0.02,0.01,0.01,0.00,0.04,0.76,0.51,1.19,0.13,0.61,0.51,0.05
59170010,4670,NULL,0.51,0.12,0.20,0.82,0.45,0.31,0.26,0.52,0.01,0.01,0.01,0.01,0.00,0.08,0.84,0.62,1.06,0.17,0.59,0.61,0.06
59170012,330,0.01,0.50,0.17,0.18,0.56,0.31,0.65,0.32,0.18,0.00,0.00,0.00,0.00,0.00,0.97,0.76,NULL,NULL,0.29,0.27,0.51,0.26
59170014,820,0.04,0.50,0.21,0.16,0.56,0.32,0.54,0.35,0.21,0.01,0.01,0.00,0.00,0.00,0.90,0.72,NULL,NULL,0.25,0.39,0.60,0.18
59170016,13000,0.02,0.49,0.15,0.22,0.60,0.41,0.37,0.28,0.41,0.02,0.01,0.01,0.00,0.00,0.09,0.78,0.42,1.11,0.32,0.51,0.65,0.06
59170019,7785,0.02,0.48,0.14,0.17,0.57,0.48,0.38,0.27,0.49,0.05,0.02,0.05,0.01,0.01,0.03,0.74,0.71,1.14,0.14,0.58,0.61,0.04
59170020,10030,0.06,0.50,0.18,0.23,0.64,0.39,0.37,0.29,0.49,0.03,0.03,0.04,0.01,0.02,0.07,0.73,0.54,1.28,0.30,0.58,0.71,0.05
59170022,6305,0.13,0.49,0.11,0.15,0.53,0.50,0.33,0.27,0.58,0.11,0.01,0.06,0.00,0.00,0.03,0.88,0.90,1.22,0.13,0.64,0.56,0.06
59170026,4705,0.01,0.53,0.13,0.16,0.62,0.47,0.34,0.27,0.46,0.02,0.00,0.00,0.00,0.00,0.05,0.78,0.76,1.09,0.16,0.59,0.64,0.05
59170029,8230,0.25,0.49,0.22,0.23,0.76,0.37,0.41,0.28,0.44,0.04,0.03,0.04,0.00,0.01,0.07,0.64,0.45,1.18,0.35,0.51,0.73,0.04
59170033,7580,0.09,0.49,0.21,0.22,0.74,0.39,0.40,0.29,0.42,0.02,0.01,0.01,0.01,0.01,0.06,0.61,0.45,1.14,0.35,0.49,0.69,0.04
59170038,12765,0.27,0.48,0.26,0.21,0.68,0.41,0.50,0.27,0.41,0.09,0.05,0.03,0.01,0.01,0.06,0.58,0.49,1.06,0.28,0.60,0.69,0.06
59170045,5975,0.35,0.51,0.31,0.18,0.84,0.44,0.62,0.24,0.37,0.07,0.03,0.04,0.02,0.01,0.08,0.34,0.39,1.00,0.18,0.56,0.72,0.06
59170047,5460,0.10,0.48,0.12,0.16,0.53,0.45,0.33,0.29,0.83,0.10,0.01,0.03,0.00,0.00,0.02,0.92,1.22,1.48,0.21,0.72,0.57,0.06
59170050,9205,0.50,0.54,0.37,0.19,0.82,0.43,0.64,0.22,0.43,0.09,0.04,0.05,0.01,0.01,0.06,0.29,0.42,1.02,0.27,0.63,0.71,0.07
59170052,9690,0.39,0.46,0.20,0.18,0.62,0.49,0.53,0.24,0.47,0.04,0.01,0.04,0.01,0.01,0.06,0.37,0.61,1.11,0.22,0.69,0.61,0.06
59170054,7300,0.55,0.47,0.34,0.22,0.84,0.39,0.58,0.26,0.37,0.06,0.02,0.04,0.02,0.01,0.05,0.35,0.55,1.00,0.28,0.61,0.75,0.05
59170056,5735,0.64,0.46,0.36,0.20,0.90,0.41,0.61,0.24,0.34,0.08,0.05,0.04,0.01,0.01,0.06,0.27,0.42,0.98,0.17,0.61,0.71,0.07
59190003,80,0.01,0.56,0.19,0.19,0.59,0.28,0.56,0.38,NULL,0.00,0.00,0.00,0.00,0.00,0.94,0.50,NULL,NULL,0.56,0.33,0.67,0.00
59190026,9750,0.01,0.50,0.10,0.15,0.55,0.49,0.32,0.25,0.46,0.02,0.01,0.01,0.00,0.00,0.05,0.86,0.51,1.03,0.27,0.58,0.54,0.06
59190030,5785,0.06,0.48,0.18,0.18,0.73,0.40,0.46,0.28,0.34,0.02,0.01,0.05,0.01,0.00,0.13,0.66,0.31,1.01,0.22,0.45,0.61,0.05
59190035,5460,0.12,0.49,0.17,0.19,0.57,0.41,0.49,0.28,0.34,0.04,0.03,0.06,0.00,0.01,0.12,0.55,0.35,0.88,0.20,0.48,0.60,0.07
59190037,6795,0.01,0.49,0.12,0.17,0.57,0.46,0.32,0.27,0.47,0.02,0.00,0.02,0.00,0.00,0.06,0.84,0.47,1.00,0.29,0.57,0.60,0.07
59210002,7465,0.02,0.49,0.09,0.12,0.50,0.53,0.28,0.25,0.42,0.01,0.01,0.01,0.01,0.00,0.04,0.89,0.50,1.09,0.15,0.57,0.46,0.08
59210003,75,0.01,0.60,0.33,0.13,0.98,0.38,0.58,0.33,NULL,0.00,0.00,0.00,0.00,0.00,0.67,0.67,NULL,NULL,0.25,0.42,0.73,0.00
59210005,6410,NULL,0.51,0.13,0.18,0.61,0.45,0.33,0.27,0.46,0.02,0.01,0.02,0.01,0.00,0.07,0.87,0.58,1.16,0.18,0.56,0.62,0.07
59210009,230,0.03,0.46,0.24,0.15,0.58,0.31,0.61,0.29,NULL,0.00,0.00,0.00,0.00,0.00,0.96,0.38,NULL,NULL,0.26,0.38,0.64,0.24
59210016,5480,0.17,0.49,0.16,0.17,0.57,0.45,0.41,0.27,0.39,0.03,0.02,0.01,0.01,0.01,0.09,0.63,0.43,1.00,0.17,0.56,0.57,0.06
59210017,10470,0.16,0.47,0.24,0.18,0.63,0.42,0.54,0.26,0.33,0.04,0.03,0.04,0.01,0.00,0.10,0.51,0.30,0.93,0.32,0.51,0.66,0.09
59210021,7035,0.14,0.50,0.22,0.19,0.74,0.39,0.51,0.28,0.34,0.02,0.02,0.03,0.01,0.01,0.15,0.63,0.28,1.00,0.35,0.46,0.65,0.09
59240005,90,0.04,0.50,0.17,0.17,0.44,0.26,0.45,0.32,NULL,0.00,0.00,0.00,0.00,0.00,1.00,0.40,NULL,NULL,0.36,0.27,0.58,0.29
59240007,4395,NULL,0.52,0.12,0.16,0.82,0.46,0.32,0.26,0.45,0.01,0.00,0.00,0.00,0.01,0.10,0.89,0.41,1.04,0.18,0.56,0.60,0.09
59240013,5460,0.18,0.49,0.18,0.17,0.58,0.46,0.54,0.26,0.32,0.01,0.03,0.00,0.01,0.00,0.15,0.47,0.28,0.85,0.21,0.42,0.58,0.13
59260002,7095,0.01,0.50,0.10,0.16,0.57,0.48,0.33,0.26,0.43,0.01,0.01,0.00,0.00,0.00,0.06,0.84,0.53,1.07,0.28,0.57,0.57,0.07
59270003,705,0.01,0.48,0.16,0.18,0.60,0.42,0.44,0.27,0.30,0.00,0.00,0.00,0.00,0.01,0.69,0.65,NULL,NULL,0.23,0.49,0.59,0.15
59270945,16765,NULL,0.49,0.12,0.15,0.55,0.48,0.40,0.26,0.36,0.01,0.01,0.00,0.00,0.00,0.07,0.76,0.30,0.81,0.30,0.51,0.53,0.07
59290002,675,0.01,0.50,0.13,0.17,0.55,0.44,0.57,0.28,0.21,0.01,0.00,0.00,0.00,0.02,0.68,0.72,NULL,NULL,0.26,0.47,0.56,0.14
59310002,240,NULL,0.54,0.21,0.17,0.67,0.35,0.54,0.3,NULL,0.00,0.00,0.00,0.00,0.00,0.96,0.61,NULL,NULL,0.33,0.33,0.56,0.25
59310003,50,NULL,0.60,0.10,0.30,0.90,0.44,0.56,0.27,NULL,0.00,0.00,0.00,0.00,0.00,0.91,NULL,NULL,NULL,0.22,0.22,0.56,0.40
59310004,175,NULL,0.51,0.17,0.17,0.80,0.40,0.59,0.29,NULL,0.06,0.00,0.00,0.00,0.00,0.97,0.44,NULL,NULL,0.29,0.50,0.54,0.20
59310010,70,0.01,0.57,0.21,0.29,0.79,0.32,0.45,0.3,NULL,0.00,0.00,0.00,0.00,0.00,0.93,0.75,NULL,NULL,0.55,0.27,0.55,0.33
59310021,1285,0.01,0.53,0.23,0.21,0.62,0.34,0.51,0.31,0.23,0.01,0.00,0.00,0.00,0.00,0.97,0.60,NULL,NULL,0.53,0.25,0.41,0.17
59310027,9485,0.02,0.51,0.17,0.28,0.73,0.37,0.33,0.3,0.52,0.02,0.02,0.04,0.01,0.01,0.06,0.82,0.85,1.45,0.26,0.63,0.76,0.05
59310029,10030,0.02,0.50,0.22,0.26,0.75,0.38,0.42,0.28,0.43,0.03,0.05,0.10,0.00,0.01,0.07,0.65,0.59,1.24,0.26,0.61,0.76,0.06
59330005,1580,NULL,0.51,0.12,0.17,0.62,0.47,0.30,0.26,0.52,0.02,0.00,0.03,0.00,0.00,0.08,0.86,0.44,0.96,0.35,0.49,0.59,0.10
59330009,80,NULL,0.56,0.13,0.38,0.83,0.37,0.57,0.28,NULL,0.00,0.00,0.00,0.00,0.00,1.00,NULL,NULL,NULL,0.31,0.38,0.61,0.00
59330027,1990,NULL,0.50,0.10,0.14,0.56,0.49,0.33,0.25,0.40,0.00,0.01,0.00,0.01,0.00,0.08,0.85,0.22,0.78,0.32,0.51,0.47,0.11
59330051,8930,0.23,0.49,0.25,0.18,0.63,0.39,0.43,0.28,0.46,0.04,0.01,0.05,0.01,0.01,0.10,0.71,0.39,1.17,0.30,0.58,0.70,0.07
59330081,530,NULL,0.52,0.20,0.15,0.67,0.35,0.54,0.31,0.26,0.00,0.00,0.00,0.00,0.00,0.93,0.54,NULL,NULL,0.19,0.39,0.56,0.25
59350013,7615,0.11,0.46,0.13,0.14,0.52,0.51,0.42,0.24,0.33,0.01,0.00,0.00,0.00,0.00,0.17,0.81,NULL,NULL,0.33,0.46,0.50,0.08
59350020,9635,0.23,0.50,0.22,0.19,0.63,0.39,0.44,0.28,0.35,0.03,0.02,0.03,0.01,0.01,0.09,0.73,0.41,1.21,0.34,0.48,0.69,0.07
59350021,10415,0.14,0.48,0.16,0.16,0.56,0.45,0.39,0.27,0.56,0.03,0.01,0.01,0.00,0.01,0.05,0.79,0.62,1.32,0.28,0.60,0.62,0.07
59370002,5515,NULL,0.51,0.13,0.17,0.59,0.44,0.35,0.27,0.36,0.01,0.00,0.00,0.00,0.00,0.11,0.80,0.34,0.83,0.31,0.45,0.57,0.11
59370004,7075,NULL,0.51,0.13,0.18,0.58,0.45,0.33,0.27,0.42,0.01,0.00,0.00,0.00,0.00,0.05,0.85,0.52,0.99,0.29,0.55,0.63,0.06
59370014,12710,0.02,0.48,0.17,0.16,0.57,0.46,0.41,0.26,0.41,0.02,0.02,0.04,0.00,0.00,0.07,0.73,0.44,1.07,0.32,0.51,0.59,0.08
59390003,175,NULL,0.51,0.20,0.11,0.80,0.44,0.41,0.25,NULL,0.00,0.00,0.00,0.00,0.00,0.63,0.53,NULL,NULL,0.31,0.52,0.66,0.10
59390008,9845,0.01,0.47,0.15,0.16,0.58,0.47,0.42,0.27,0.37,0.02,0.01,0.01,0.01,0.00,0.08,0.73,0.37,0.85,0.31,0.50,0.57,0.07
59390012,75,NULL,0.60,0.27,0.00,0.69,0.37,0.58,0.25,NULL,0.00,0.00,0.00,0.00,0.00,0.92,0.75,NULL,NULL,0.36,0.36,0.73,0.25
59410047,60,NULL,0.58,0.25,0.17,0.89,0.38,0.67,0.28,NULL,0.00,0.00,0.00,0.00,0.00,1.00,0.67,NULL,NULL,0.40,0.30,0.67,0.33
59410049,90,NULL,0.50,0.11,0.22,0.74,0.43,0.57,0.28,NULL,0.00,0.00,0.00,0.00,0.00,0.89,0.50,NULL,NULL,0.21,0.64,0.79,0.18
59410050,10750,0.03,0.50,0.20,0.18,0.61,0.42,0.45,0.28,0.42,0.01,0.01,0.04,0.00,0.00,0.21,0.62,0.24,0.86,0.35,0.40,0.65,0.08
59410058,105,NULL,0.52,0.24,0.19,0.80,0.37,0.71,0.28,NULL,0.00,0.00,0.00,0.00,0.00,1.05,0.25,NULL,NULL,0.24,0.24,0.59,0.30
59410060,7135,NULL,0.50,0.13,0.14,0.54,0.48,0.38,0.26,0.35,0.01,0.01,0.01,0.00,0.00,0.10,0.77,0.27,0.77,0.33,0.42,0.54,0.10
59430004,225,0.16,0.53,0.20,0.16,0.71,0.37,0.49,0.29,NULL,0.00,0.00,0.00,0.00,0.00,0.98,0.76,NULL,NULL,0.19,0.39,0.64,0.13
59450003,1200,NULL,0.51,0.14,0.15,0.62,0.45,0.36,0.27,0.38,0.03,0.01,0.00,0.00,0.00,0.16,0.73,0.23,0.61,0.33,0.57,0.63,0.06
59470005,90,NULL,0.44,0.06,0.11,0.58,0.36,0.42,0.38,NULL,0.00,0.00,0.00,0.00,0.00,1.00,0.67,NULL,NULL,0.33,0.25,0.39,0.40
59470008,355,NULL,0.49,0.21,0.17,0.60,0.34,0.48,0.31,0.20,0.00,0.00,0.00,0.00,0.00,0.97,0.50,NULL,NULL,0.21,0.12,0.41,0.33
59470009,55,NULL,0.45,0.27,0.27,0.89,0.33,0.38,0.45,NULL,0.00,0.00,0.00,0.00,0.00,1.00,0.67,NULL,NULL,0.25,0.25,0.75,0.33
59490001,360,NULL,0.49,0.18,0.19,0.74,0.39,0.37,0.28,0.53,0.00,0.03,0.03,0.00,0.00,0.36,0.48,0.29,0.69,0.30,0.48,0.72,0.08
59490008,295,0.05,0.56,0.25,0.19,0.63,0.33,0.50,0.34,0.34,0.03,0.00,0.00,0.00,0.00,0.97,0.40,NULL,NULL,0.23,0.23,0.70,0.32
59490010,1880,NULL,0.53,0.19,0.18,0.71,0.37,0.45,0.31,0.30,0.01,0.00,0.01,0.00,0.00,0.95,0.69,NULL,NULL,0.29,0.35,0.59,0.28
59490014,630,0.01,0.53,0.18,0.17,0.72,0.39,0.52,0.3,0.26,0.02,0.00,0.00,0.00,0.00,0.97,0.84,NULL,NULL,0.18,0.50,0.60,0.23
59510002,11115,NULL,0.51,0.17,0.18,0.59,0.39,0.36,0.29,0.47,0.01,0.01,0.01,0.00,0.00,0.14,0.79,0.26,0.82,0.34,0.42,0.70,0.11
59450001,200,NULL,0.63,0.17,0.20,0.93,0.48,0.38,0.25,NULL,0.00,0.05,0.00,0.00,0.00,0.15,0.67,0.23,0.42,0.38,0.49,0.67,0.08
59470003,555,0.02,0.54,0.18,0.20,0.77,0.40,0.59,0.29,0.20,0.00,0.02,0.00,0.00,0.00,0.96,0.77,NULL,NULL,0.19,0.19,0.63,0.20
59470004,650,NULL,0.52,0.16,0.17,0.67,0.37,0.53,0.31,0.18,0.00,0.00,0.00,0.00,0.00,0.97,0.82,NULL,NULL,0.16,0.19,0.56,0.28
59490005,50,NULL,0.70,0.20,0.20,1.10,0.42,0.38,0.45,NULL,0.00,0.00,0.00,0.00,0.00,1.00,0.80,NULL,NULL,0.25,0.38,0.75,0.50
59490006,150,0.05,0.50,0.13,0.13,0.70,0.42,0.36,0.27,NULL,0.07,0.00,0.00,0.00,0.00,0.93,0.45,NULL,NULL,0.28,0.20,0.68,0.29
59490009,5615,NULL,0.51,0.13,0.19,0.77,0.43,0.35,0.27,0.43,0.02,0.01,0.00,0.00,0.00,0.21,0.83,0.30,0.73,0.20,0.50,0.65,0.11
59490011,435,0.01,0.52,0.24,0.20,0.64,0.34,0.44,0.32,0.18,0.00,0.00,0.00,0.00,0.00,0.98,0.64,NULL,NULL,0.18,0.26,0.52,0.47
59490015,430,NULL,0.55,0.17,0.23,0.72,0.37,0.51,0.29,0.21,0.05,0.00,0.00,0.00,0.00,0.98,0.46,NULL,NULL,0.21,0.43,0.46,0.35
59490017,425,NULL,0.48,0.15,0.19,0.60,0.35,0.51,0.33,0.19,0.00,0.00,0.00,0.00,0.00,0.98,0.71,NULL,NULL,0.19,0.27,0.33,0.43
59490018,85,0.01,0.53,0.18,0.29,0.85,0.40,0.40,0.26,NULL,0.00,0.00,0.00,0.00,0.00,0.94,0.63,NULL,NULL,0.27,0.40,0.73,0.18
59490022,270,0.01,0.48,0.22,0.19,0.55,0.28,0.41,0.38,0.26,0.00,0.00,0.00,0.00,0.00,0.98,0.53,NULL,NULL,0.24,0.35,0.59,0.15
59490023,305,0.01,0.54,0.23,0.15,0.67,0.36,0.65,0.29,0.23,0.00,0.00,0.00,0.00,0.03,0.98,0.70,NULL,NULL,0.29,0.21,0.57,0.25
59490030,290,0.01,0.52,0.28,0.17,0.70,0.35,0.42,0.29,0.20,0.00,0.00,0.00,0.00,0.00,0.97,0.53,NULL,NULL,0.24,0.13,0.67,0.13
59490965,15635,0.02,0.50,0.21,0.20,0.63,0.39,0.43,0.28,0.44,0.01,0.01,0.03,0.01,0.00,0.22,0.71,0.30,0.92,0.29,0.49,0.69,0.10
59510004,85,NULL,0.65,0.18,0.24,0.79,0.36,0.62,0.32,NULL,0.00,0.00,0.00,0.00,0.00,0.94,NULL,NULL,NULL,0.17,0.17,0.50,0.33
59510008,5400,0.04,0.49,0.19,0.20,0.75,0.40,0.44,0.29,0.44,0.03,0.02,0.01,0.01,0.00,0.10,0.69,0.28,0.89,0.18,0.52,0.69,0.09
59510011,110,0.02,0.50,0.23,0.18,0.59,0.32,0.47,0.36,NULL,0.00,0.00,0.00,0.00,0.00,0.96,0.29,NULL,NULL,0.29,0.24,0.35,0.67
59510021,45,0.01,0.56,0.22,0.22,0.89,0.35,0.63,0.35,NULL,0.00,0.00,0.00,0.00,0.00,1.00,0.50,NULL,NULL,0.25,0.63,0.86,0.00
59510032,550,0.02,0.54,0.22,0.21,0.64,0.35,0.58,0.3,0.28,0.00,0.00,0.00,0.00,0.00,0.97,0.66,NULL,NULL,0.16,0.27,0.64,0.32
59510038,315,NULL,0.51,0.29,0.17,0.71,0.35,0.62,0.29,0.23,0.00,0.00,0.00,0.00,0.00,0.97,0.23,NULL,NULL,0.27,0.29,0.47,0.35
59530007,8435,0.01,0.49,0.27,0.18,0.65,0.39,0.49,0.27,0.42,0.01,0.03,0.06,0.01,0.00,0.17,0.56,0.31,0.95,0.32,0.48,0.68,0.09
59530008,5385,0.04,0.50,0.19,0.22,0.72,0.37,0.34,0.3,0.55,0.01,0.00,0.01,0.01,0.00,0.11,0.89,0.29,1.16,0.23,0.50,0.74,0.08
59530014,10085,0.02,0.51,0.18,0.21,0.74,0.39,0.37,0.29,0.52,0.03,0.01,0.07,0.01,0.01,0.12,0.86,0.30,1.01,0.33,0.48,0.70,0.08
59530015,4275,NULL,0.51,0.14,0.19,0.77,0.42,0.32,0.28,0.55,0.01,0.01,0.01,0.00,0.00,0.10,0.94,0.34,0.82,0.21,0.46,0.68,0.08
59550002,330,0.01,0.55,0.21,0.20,0.54,0.30,0.51,0.32,0.20,0.00,0.00,0.00,0.00,0.00,1.00,0.43,NULL,NULL,0.13,0.09,0.58,0.31
59550009,13120,0.08,0.51,0.28,0.22,0.71,0.34,0.41,0.3,0.63,0.03,0.04,0.04,0.02,0.01,0.10,0.64,0.42,1.25,0.32,0.51,0.78,0.10
59550010,7035,0.07,0.52,0.34,0.20,0.70,0.33,0.45,0.28,0.57,0.01,0.04,0.03,0.02,0.00,0.16,0.56,0.32,1.31,0.35,0.43,0.81,0.13
59550013,380,NULL,0.47,0.18,0.21,0.62,0.32,0.54,0.3,0.37,0.03,0.00,0.00,0.00,0.00,0.93,0.12,NULL,NULL,0.25,0.34,0.55,0.23
59570003,115,NULL,0.65,0.26,0.17,0.78,0.39,0.63,0.25,NULL,0.09,0.00,0.00,0.09,0.00,0.96,0.20,NULL,NULL,0.11,0.47,0.65,0.31
59510014,4055,NULL,0.52,0.14,0.15,0.77,0.44,0.35,0.28,0.43,0.00,0.01,0.00,0.00,0.00,0.16,0.84,0.21,0.73,0.29,0.45,0.61,0.14
59510018,405,NULL,0.51,0.21,0.21,0.57,0.31,0.58,0.3,0.20,0.00,0.00,0.00,0.00,0.00,0.99,0.52,NULL,NULL,0.12,0.33,0.46,0.46
59510024,180,NULL,0.56,0.22,0.19,0.61,0.32,0.59,0.31,NULL,0.00,0.00,0.00,0.00,0.00,0.95,0.38,NULL,NULL,0.19,0.41,0.57,0.25
59510037,195,NULL,0.54,0.23,0.23,0.67,0.36,0.47,0.29,NULL,0.00,0.00,0.00,0.00,0.00,0.87,0.77,NULL,NULL,0.41,0.34,0.71,0.27
59530001,4050,NULL,0.55,0.19,0.20,0.65,0.40,0.36,0.27,0.53,0.00,0.01,0.02,0.00,0.00,0.14,0.78,0.16,0.94,0.23,0.42,0.72,0.08
59530006,8965,0.01,0.51,0.17,0.21,0.62,0.40,0.37,0.28,0.53,0.01,0.01,0.01,0.00,0.00,0.13,0.86,0.28,0.96,0.31,0.49,0.70,0.10
59530009,105,NULL,0.52,0.14,0.19,0.61,0.36,0.56,0.3,NULL,0.00,0.00,0.00,0.00,0.00,0.95,0.33,NULL,NULL,0.19,0.44,0.53,0.44
59530017,530,NULL,0.54,0.08,0.20,0.56,0.46,0.35,0.27,0.37,0.00,0.00,0.00,0.00,0.00,0.13,0.78,0.19,0.67,0.19,0.35,0.51,0.18
59530018,3225,NULL,0.51,0.14,0.16,0.80,0.45,0.38,0.27,0.34,0.02,0.01,0.00,0.00,0.00,0.13,0.77,0.30,0.69,0.32,0.31,0.64,0.11
59550001,6645,NULL,0.52,0.18,0.17,0.64,0.34,0.31,0.34,0.51,0.00,0.00,0.00,0.00,0.00,0.06,0.87,0.41,0.91,0.33,0.34,0.68,0.10
59550005,175,NULL,0.54,0.23,0.20,0.60,0.32,0.68,0.3,NULL,0.00,0.00,0.00,0.00,0.00,0.97,0.18,NULL,NULL,0.19,0.19,0.48,0.25
59550012,140,NULL,0.46,0.21,0.18,0.54,0.28,0.63,0.38,NULL,0.00,0.00,0.00,0.00,0.00,0.89,NULL,NULL,NULL,0.26,0.37,0.67,0.25
59570005,80,0.01,0.56,0.19,0.25,0.91,0.41,0.54,0.24,NULL,0.13,0.00,0.00,0.00,0.00,1.00,NULL,NULL,NULL,0.23,0.31,0.77,0.20
59590002,450,NULL,0.54,0.21,0.22,0.65,0.36,0.53,0.31,0.34,0.00,0.00,0.00,0.00,0.00,0.91,0.52,NULL,NULL,0.21,0.26,0.52,0.38
59590003,110,NULL,0.64,0.23,0.18,0.72,0.36,0.61,0.3,NULL,0.00,0.00,0.00,0.00,0.00,0.91,0.20,NULL,NULL,0.24,0.29,0.67,0.33
