geo_name,geo_code,population,population_density_div10K,male,young,middle_age,drinking_age,population_age_avg_div100,single,family_size_avg_div10,market_income_avg_div100K,East_Asian,Southeast_Asian,West_Asian,Black,Latin_American,Aboriginal,dwelling_ownership,dwelling_value_avg_div1M,rent_price_avg_div_1K,secondary_education,postsecondary_education,in_labor_force_pct,Unemployment_rate
Elkford,5901003,2500,NULL,0.54,0.18,0.22,0.64,0.37,0.32,0.29,0.67,0.01,0.02,0.01,0.00,0.00,0.10,0.85,0.27,1.04,0.34,0.51,0.69,0.05
Sparwood,5901006,3785,NULL,0.52,0.19,0.20,0.65,0.39,0.33,0.28,0.59,0.01,0.01,0.02,0.02,0.00,0.10,0.75,0.27,0.87,0.24,0.49,0.69,0.06
Fernie,5901012,5250,0.04,0.50,0.22,0.23,0.66,0.39,0.34,0.28,0.57,0.01,0.01,0.00,0.00,0.00,0.06,0.73,0.49,1.02,0.17,0.67,0.74,0.07
East Kootenay A,5901017,1940,NULL,0.52,0.17,0.22,0.64,0.41,0.29,0.27,0.57,0.01,0.00,0.00,0.00,0.01,0.07,0.90,0.42,1.07,0.28,0.57,0.71,0.06
East Kootenay B,5901019,1975,NULL,0.54,0.13,0.18,0.63,0.46,0.31,0.26,0.49,0.01,0.01,0.00,0.00,0.00,0.09,0.86,0.47,0.78,0.34,0.50,0.57,0.07
Cranbrook,5901022,20045,0.06,0.49,0.17,0.18,0.57,0.43,0.41,0.27,0.42,0.02,0.01,0.01,0.01,0.00,0.09,0.73,0.30,0.91,0.32,0.51,0.63,0.08
Kimberley,5901028,7425,0.01,0.50,0.15,0.19,0.57,0.45,0.37,0.27,0.41,0.01,0.01,0.00,0.00,0.00,0.06,0.74,0.28,0.90,0.28,0.58,0.62,0.09
East Kootenay C,5901035,6035,NULL,0.51,0.12,0.18,0.61,0.45,0.30,0.27,0.51,0.01,0.00,0.00,0.01,0.00,0.09,0.91,0.51,0.79,0.19,0.56,0.62,0.07
East Kootenay E,5901037,1750,NULL,0.51,0.11,0.18,0.62,0.49,0.30,0.25,0.43,0.01,0.00,0.01,0.01,0.00,0.08,0.86,0.48,0.75,0.26,0.58,0.61,0.12
Invermere,5901039,3395,0.03,0.47,0.17,0.20,0.78,0.43,0.41,0.28,0.42,0.01,0.03,0.01,0.01,0.00,0.08,0.72,0.42,1.13,0.24,0.64,0.70,0.06
Radium Hot Springs,5901040,780,0.01,0.50,0.13,0.17,0.61,0.47,0.33,0.26,0.44,0.00,0.00,0.01,0.00,0.01,0.07,0.84,0.35,1.06,0.27,0.58,0.53,0.13
Canal Flats,5901043,665,0.01,0.54,0.14,0.19,0.60,0.43,0.33,0.27,0.44,0.01,0.01,0.00,0.00,0.00,0.09,0.87,0.23,0.69,0.37,0.31,0.62,0.07
East Kootenay F,5901046,2725,NULL,0.50,0.13,0.15,0.87,0.50,0.28,0.25,0.47,0.00,0.00,0.00,0.01,0.00,0.05,0.87,0.53,1.09,0.31,0.35,0.59,0.06
East Kootenay G,5901048,1465,NULL,0.52,0.14,0.16,0.65,0.46,0.33,0.26,0.38,0.00,0.01,0.00,0.00,0.01,0.07,0.86,0.36,0.83,0.29,0.49,0.68,0.10
Tobacco Plains 2,5901801,75,NULL,0.47,0.20,0.20,0.84,0.38,0.46,0.32,NULL,0.00,0.00,0.00,0.00,0.00,0.93,0.60,NULL,NULL,0.33,0.50,0.50,0.00
Kootenay 1,5901803,170,NULL,0.59,0.21,0.21,0.68,0.36,0.52,0.28,NULL,0.12,0.00,0.00,0.00,0.00,0.94,0.82,NULL,NULL,0.19,0.50,0.78,0.14
Columbia Lake 3,5901804,140,NULL,0.46,0.25,0.18,0.86,0.41,0.52,0.26,NULL,0.00,0.00,0.00,0.00,0.00,0.79,0.73,NULL,NULL,0.30,0.43,0.61,0.00
Shuswap,5901806,320,NULL,0.48,0.31,0.19,0.80,0.37,0.49,0.26,0.32,0.00,0.08,0.00,0.00,0.00,0.34,0.64,NULL,NULL,0.26,0.55,0.79,0.07
Creston,5903004,5355,0.06,0.46,0.12,0.13,0.49,0.52,0.41,0.25,0.30,0.01,0.01,0.00,0.00,0.00,0.07,0.73,0.28,0.81,0.15,0.50,0.46,0.06
Central Kootenay A,5903010,1930,NULL,0.51,0.08,0.13,0.61,0.53,0.34,0.23,0.31,0.01,0.01,0.00,0.00,0.01,0.06,0.83,0.41,0.68,0.26,0.58,0.47,0.12
Salmo,5903011,1140,0.05,0.49,0.13,0.17,0.60,0.47,0.43,0.26,0.31,0.01,0.00,0.00,0.00,0.00,0.08,0.67,0.24,0.78,0.34,0.42,0.49,0.09
Central Kootenay B,5903013,4660,NULL,0.50,0.11,0.12,0.51,0.45,0.36,0.28,0.31,0.01,0.01,0.01,0.00,0.00,0.07,0.85,0.34,0.79,0.16,0.49,0.49,0.09
Nelson,5903015,10570,0.09,0.48,0.18,0.22,0.61,0.42,0.50,0.27,0.37,0.02,0.01,0.01,0.01,0.01,0.07,0.61,0.38,0.96,0.27,0.61,0.67,0.09
Central Kootenay C,5903017,1480,NULL,0.50,0.11,0.14,0.59,0.48,0.29,0.25,0.31,0.01,0.01,0.01,0.02,0.00,0.07,0.85,0.37,0.75,0.30,0.51,0.59,0.06
Slocan,5903019,275,0.04,0.49,0.07,0.20,0.78,0.46,0.49,0.26,NULL,0.00,0.00,0.00,0.00,0.00,0.04,0.75,0.26,0.00,0.30,0.40,0.58,0.16
Kaslo,5903023,970,0.03,0.51,0.10,0.13,0.58,0.50,0.43,0.26,0.31,0.00,0.01,0.00,0.01,0.00,0.07,0.77,0.27,0.92,0.33,0.52,0.54,0.07
Silverton,5903027,195,0.06,0.49,0.05,0.10,0.90,0.56,0.39,0.23,NULL,0.06,0.06,0.06,0.00,0.00,0.00,0.75,0.34,0.00,0.34,0.59,0.45,0.00
New Denver,5903032,475,0.05,0.44,0.09,0.12,0.57,0.54,0.49,0.24,0.27,0.00,0.02,0.00,0.00,0.00,0.03,0.65,0.27,0.78,0.14,0.58,0.52,0.07
Central Kootenay D,5903039,1345,NULL,0.54,0.09,0.16,0.62,0.49,0.39,0.25,0.48,0.00,0.01,0.00,0.00,0.01,0.08,0.85,0.35,0.67,0.21,0.60,0.56,0.10
Central Kootenay E,5903041,3770,NULL,0.51,0.13,0.20,0.82,0.46,0.39,0.26,0.34,0.03,0.00,0.00,0.01,0.00,0.05,0.82,0.43,0.93,0.28,0.61,0.62,0.08
Central Kootenay F,5903043,3965,NULL,0.50,0.13,0.20,0.62,0.44,0.35,0.27,0.42,0.02,0.00,0.01,0.00,0.01,0.04,0.85,0.47,0.96,0.27,0.64,0.64,0.10
Castlegar,5903045,8040,0.04,0.49,0.17,0.18,0.57,0.45,0.41,0.27,0.40,0.01,0.01,0.03,0.01,0.00,0.07,0.78,0.30,0.88,0.29,0.56,0.60,0.08
Central Kootenay G,5903047,1625,NULL,0.54,0.13,0.23,0.68,0.42,0.40,0.27,0.34,0.01,0.00,0.01,0.00,0.01,0.07,0.79,0.31,0.89,0.34,0.48,0.59,0.12
Nakusp,5903050,1605,0.02,0.48,0.12,0.18,0.59,0.48,0.43,0.26,0.32,0.03,0.01,0.00,0.00,0.00,0.10,0.69,0.36,0.75,0.29,0.46,0.59,0.09
Central Kootenay H,5903052,4665,NULL,0.52,0.13,0.22,0.79,0.43,0.38,0.27,0.30,0.02,0.01,0.01,0.00,0.00,0.09,0.82,0.34,0.76,0.25,0.57,0.64,0.11
Central Kootenay I,5903056,2535,NULL,0.51,0.14,0.20,0.81,0.45,0.35,0.27,0.41,0.00,0.00,0.00,0.00,0.00,0.06,0.86,0.39,0.92,0.26,0.43,0.62,0.08
Central Kootenay J,5903058,3135,NULL,0.51,0.15,0.21,0.65,0.43,0.35,0.27,0.43,0.01,0.01,0.00,0.00,0.00,0.07,0.84,0.36,0.75,0.24,0.56,0.64,0.11
Central Kootenay K,5903060,1680,NULL,0.52,0.07,0.13,0.88,0.53,0.32,0.24,0.30,0.01,0.01,0.00,0.00,0.00,0.08,0.88,0.34,0.67,0.27,0.48,0.47,0.10
Creston 1,5903807,110,NULL,0.45,0.23,0.32,0.68,0.32,0.67,0.27,NULL,0.00,0.00,0.00,0.00,0.00,0.91,0.38,NULL,NULL,0.22,0.44,0.61,0.27
Fruitvale,5905005,1920,0.07,0.49,0.16,0.15,0.59,0.46,0.36,0.27,0.45,0.01,0.00,0.00,0.00,0.01,0.06,0.78,0.28,0.76,0.29,0.56,0.60,0.09
Montrose,5905009,995,0.07,0.51,0.15,0.15,0.58,0.46,0.34,0.27,0.47,0.03,0.00,0.00,0.01,0.01,0.07,0.92,0.31,0.00,0.31,0.55,0.55,0.04
Trail,5905014,7705,0.02,0.48,0.16,0.15,0.55,0.47,0.46,0.26,0.40,0.01,0.01,0.01,0.01,0.00,0.10,0.68,0.22,0.74,0.29,0.51,0.53,0.10
Warfield,5905018,1680,0.09,0.49,0.17,0.18,0.61,0.43,0.37,0.27,0.43,0.02,0.01,0.00,0.00,0.00,0.08,0.79,0.27,0.80,0.26,0.59,0.58,0.05
Rossland,5905023,3730,0.01,0.52,0.16,0.24,0.76,0.40,0.36,0.28,0.52,0.01,0.02,0.00,0.01,0.00,0.04,0.79,0.33,1.01,0.19,0.70,0.69,0.07
Kootenay Boundary A,5905026,1890,NULL,0.51,0.13,0.18,0.62,0.44,0.29,0.27,0.45,0.00,0.00,0.00,0.01,0.00,0.08,0.90,0.36,0.86,0.29,0.54,0.63,0.05
Kootenay Boundary B,5905030,1440,NULL,0.51,0.13,0.16,0.62,0.48,0.32,0.25,0.45,0.01,0.00,0.00,0.00,0.01,0.07,0.96,0.27,0.77,0.33,0.50,0.59,0.09
Grand Forks,5905032,4045,0.04,0.47,0.11,0.15,0.51,0.50,0.45,0.25,0.30,0.01,0.02,0.01,0.01,0.00,0.09,0.79,0.25,0.84,0.29,0.51,0.51,0.09
Midway,5905037,650,0.01,0.48,0.06,0.12,0.52,0.54,0.39,0.24,0.25,0.01,0.07,0.00,0.02,0.00,0.10,0.86,0.23,0.74,0.16,0.38,0.32,0.08
Greenwood,5905042,665,0.03,0.53,0.06,0.11,0.60,0.55,0.39,0.23,0.27,0.01,0.00,0.00,0.00,0.00,0.11,0.88,0.18,0.63,0.14,0.39,0.38,0.11
Kootenay Boundary C,5905050,1335,NULL,0.51,0.06,0.15,0.56,0.53,0.31,0.24,0.38,0.01,0.01,0.00,0.01,0.00,0.11,0.93,0.37,0.89,0.29,0.53,0.50,0.10
Kootenay Boundary D,5905052,3225,NULL,0.51,0.09,0.14,0.84,0.50,0.32,0.25,0.30,0.01,0.01,0.00,0.01,0.00,0.06,0.88,0.35,0.82,0.30,0.34,0.50,0.05
Kootenay Boundary E,5905054,2155,NULL,0.53,0.09,0.18,0.82,0.47,0.37,0.26,0.29,0.00,0.00,0.00,0.00,0.00,0.07,0.84,0.33,0.76,0.30,0.49,0.61,0.07
Osoyoos,5907005,5085,0.06,0.47,0.10,0.12,0.46,0.55,0.38,0.24,0.29,0.01,0.00,0.05,0.01,0.01,0.06,0.75,0.40,0.88,0.14,0.49,0.42,0.07
Keremeos,5907009,1505,0.07,0.48,0.08,0.10,0.87,0.56,0.37,0.24,0.27,0.00,0.01,0.06,0.01,0.00,0.04,0.77,0.28,0.75,0.31,0.44,0.43,0.17
Oliver,5907014,4930,0.09,0.47,0.12,0.13,0.48,0.51,0.38,0.25,0.30,0.01,0.01,0.09,0.00,0.01,0.05,0.77,0.36,0.88,0.18,0.48,0.49,0.07
Okanagan-Similkameen A,5907022,1860,NULL,0.49,0.10,0.14,0.61,0.52,0.30,0.24,0.41,0.01,0.01,0.16,0.00,0.00,0.04,0.82,0.61,1.07,0.34,0.49,0.53,0.10
Princeton,5907024,2825,NULL,0.50,0.15,0.15,0.83,0.47,0.42,0.25,0.40,0.01,0.01,0.01,0.00,0.00,0.13,0.71,0.25,0.85,0.30,0.33,0.53,0.07
Okanagan-Similkameen B,5907026,1050,NULL,0.52,0.12,0.17,0.60,0.47,0.40,0.27,0.26,0.03,0.01,0.11,0.00,0.01,0.14,0.75,0.45,0.70,0.31,0.43,0.52,0.13
Okanagan-Similkameen C,5907028,3555,NULL,0.50,0.10,0.14,0.54,0.51,0.32,0.26,0.30,0.00,0.00,0.16,0.00,0.01,0.05,0.81,0.40,0.99,0.30,0.26,0.55,0.09
Summerland,5907035,11615,0.02,0.47,0.11,0.15,0.53,0.50,0.36,0.26,0.40,0.02,0.01,0.02,0.00,0.00,0.07,0.82,0.49,1.07,0.29,0.57,0.56,0.08
Penticton,5907041,33760,0.08,0.47,0.14,0.16,0.83,0.49,0.46,0.26,0.38,0.02,0.02,0.03,0.00,0.00,0.08,0.63,0.39,1.03,0.31,0.34,0.57,0.09
Okanagan-Similkameen D,5907047,5875,NULL,0.49,0.09,0.16,0.56,0.50,0.30,0.25,0.43,0.01,0.00,0.01,0.00,0.00,0.07,0.86,0.49,1.09,0.16,0.56,0.55,0.07
Okanagan-Similkameen E,5907049,1905,NULL,0.50,0.11,0.15,0.83,0.49,0.33,0.25,0.44,0.02,0.01,0.02,0.01,0.01,0.04,0.82,0.60,1.08,0.26,0.41,0.61,0.06
Okanagan-Similkameen F,5907051,2010,NULL,0.50,0.11,0.16,0.79,0.46,0.27,0.28,0.50,0.02,0.01,0.00,0.01,0.00,0.05,0.93,0.63,1.04,0.26,0.57,0.63,0.07
Okanagan-Similkameen G,5907053,2235,NULL,0.51,0.09,0.11,0.86,0.53,0.37,0.24,0.28,0.01,0.02,0.06,0.00,0.00,0.10,0.81,0.24,0.77,0.33,0.45,0.46,0.07
Okanagan-Similkameen H,5907055,1955,NULL,0.53,0.08,0.13,0.62,0.53,0.29,0.23,0.36,0.00,0.00,0.00,0.00,0.00,0.10,0.89,0.39,0.85,0.31,0.46,0.52,0.07
Osoyoos 1,5907802,760,NULL,0.49,0.14,0.11,0.55,0.50,0.37,0.24,0.29,0.00,0.00,0.00,0.00,0.00,0.47,0.86,NULL,NULL,0.09,0.46,0.40,0.13
Penticton 1,5907803,1785,NULL,0.48,0.10,0.14,0.82,0.51,0.38,0.25,0.28,0.00,0.00,0.00,0.01,0.00,0.36,0.89,NULL,NULL,0.30,0.46,0.39,0.12
Chopaka 7 & 8,5907805,80,NULL,0.50,0.25,0.13,0.88,0.40,0.38,0.32,NULL,0.00,0.00,0.00,0.00,0.00,0.94,1.00,NULL,NULL,0.25,0.33,0.67,0.25
Chuchuwayha 2,5907807,60,NULL,0.42,0.25,0.25,0.72,0.34,0.56,0.3,NULL,0.00,0.00,0.00,0.00,0.00,1.00,0.33,NULL,NULL,0.33,0.22,0.50,0.00
Ashnola 10,5907809,80,NULL,0.44,0.19,0.06,0.72,0.35,0.75,0.28,NULL,0.00,0.00,0.00,0.00,0.00,0.94,0.80,NULL,NULL,0.17,0.33,0.54,0.00
Hope,5909009,6180,0.02,0.50,0.11,0.16,0.56,0.49,0.43,0.25,0.34,0.03,0.01,0.03,0.00,0.01,0.10,0.75,0.30,0.85,0.17,0.47,0.51,0.11
Fraser Valley A,5909014,405,NULL,0.56,0.07,0.16,0.65,0.53,0.51,0.24,0.21,0.02,0.00,0.00,0.00,0.00,0.21,0.74,0.18,0.63,0.17,0.23,0.42,0.29
Fraser Valley B,5909016,915,NULL,0.56,0.09,0.16,0.58,0.52,0.45,0.26,0.32,0.01,0.00,0.00,0.00,0.00,0.14,0.78,0.33,0.76,0.39,0.38,0.49,0.06
Chilliwack,5909020,83790,0.03,0.49,0.18,0.19,0.57,0.41,0.40,0.29,0.40,0.02,0.02,0.02,0.01,0.01,0.09,0.73,0.42,1.00,0.35,0.46,0.63,0.06
Harrison Hot Springs,5909027,1465,0.03,0.49,0.10,0.14,0.56,0.52,0.33,0.24,0.35,0.03,0.01,0.01,0.00,0.00,0.08,0.80,0.42,0.89,0.29,0.59,0.49,0.09
Kent,5909032,6070,NULL,0.55,0.17,0.17,0.57,0.46,0.41,0.28,0.35,0.01,0.01,0.01,0.00,0.01,0.09,0.78,0.40,0.87,0.22,0.43,0.56,0.08
Fraser Valley D,5909034,1530,NULL,0.52,0.14,0.21,0.57,0.40,0.28,0.3,0.45,0.05,0.00,0.01,0.01,0.00,0.02,0.92,0.55,1.08,0.37,0.46,0.63,0.04
Fraser Valley H,5909035,1850,NULL,0.50,0.12,0.15,0.65,0.49,0.38,0.25,0.46,0.02,0.01,0.02,0.01,0.01,0.05,0.83,0.52,0.93,0.34,0.48,0.60,0.07
Fraser Valley E,5909036,1540,NULL,0.55,0.13,0.17,0.66,0.48,0.41,0.25,0.33,0.01,0.01,0.01,0.00,0.01,0.10,0.92,0.36,1.05,0.35,0.46,0.55,0.06
Fraser Valley C,5909048,1025,NULL,0.54,0.10,0.17,0.63,0.52,0.34,0.23,0.37,0.02,0.00,0.00,0.02,0.00,0.08,0.92,0.38,0.00,0.37,0.51,0.49,0.06
Abbotsford,5909052,141395,0.04,0.49,0.20,0.19,0.59,0.40,0.39,0.3,0.39,0.03,0.02,0.26,0.01,0.01,0.05,0.70,0.52,0.97,0.34,0.45,0.66,0.07
Mission,5909056,38830,0.02,0.51,0.18,0.20,0.63,0.40,0.41,0.29,0.41,0.01,0.01,0.08,0.01,0.01,0.09,0.77,0.52,1.00,0.23,0.46,0.66,0.06
Fraser Valley F,5909060,1295,NULL,0.52,0.14,0.19,0.61,0.44,0.38,0.27,0.33,0.04,0.01,0.05,0.01,0.00,0.07,0.78,0.53,1.01,0.36,0.50,0.65,0.05
Fraser Valley G,5909062,1775,NULL,0.51,0.15,0.16,0.63,0.44,0.42,0.28,0.40,0.01,0.01,0.05,0.02,0.00,0.10,0.70,0.45,1.09,0.37,0.37,0.63,0.05
Chawathil 4,5909804,185,NULL,0.49,0.22,0.14,0.65,0.30,0.60,0.31,NULL,0.00,0.00,0.00,0.00,0.00,1.00,0.70,NULL,NULL,0.21,0.42,0.42,0.20
Kopchitchin 2,5909806,40,NULL,0.63,0.00,0.38,0.75,0.45,0.71,0.5,NULL,0.00,0.00,0.00,0.00,0.00,0.89,NULL,NULL,NULL,0.29,0.29,0.43,0.67
Ohamil 1,5909807,95,0.01,0.42,0.21,0.16,0.53,0.28,0.54,0.35,NULL,0.00,0.00,0.00,0.00,0.00,1.00,0.40,NULL,NULL,0.15,0.46,0.39,0.40
Schkam 2,5909812,130,0.01,0.46,0.23,0.15,0.58,0.30,0.61,0.33,NULL,0.00,0.00,0.00,0.00,0.00,0.96,0.57,NULL,NULL,0.24,0.41,0.50,0.22
Kahmoose 4,5909819,65,0.03,0.69,0.15,0.23,0.81,0.38,0.70,0.22,NULL,0.00,0.00,0.00,0.00,0.00,0.92,0.80,NULL,NULL,0.27,0.36,0.64,0.29
Kwawkwawapilt 6,5909821,320,0.05,0.39,0.02,0.03,0.45,0.69,0.40,0.21,0.17,0.00,0.00,0.00,0.00,0.00,0.15,0.97,NULL,NULL,0.06,0.30,0.13,0.25
Skwah 4,5909824,195,0.02,0.51,0.21,0.23,0.69,0.35,0.57,0.29,NULL,0.00,0.05,0.00,0.05,0.00,0.95,0.58,NULL,NULL,0.20,0.40,0.45,0.00
Skway 5,5909826,85,NULL,0.53,0.29,0.06,0.66,0.35,0.64,0.32,NULL,0.00,0.12,0.00,0.00,0.00,0.94,NULL,NULL,NULL,0.38,0.38,0.46,0.00
Soowahlie 14,5909827,250,0.01,0.50,0.22,0.18,0.70,0.36,0.58,0.31,NULL,0.00,0.00,0.00,0.00,0.00,0.92,0.40,NULL,NULL,0.24,0.30,0.57,0.29
Tzeachten 13,5909830,2360,0.09,0.47,0.05,0.06,0.33,0.63,0.24,0.22,0.26,0.01,0.00,0.01,0.00,0.00,0.13,0.98,NULL,NULL,0.34,0.17,0.24,0.07
Yakweakwioose 12,5909831,45,0.02,0.44,0.11,0.22,0.78,0.35,0.83,0.2,NULL,0.00,0.00,0.00,0.00,0.00,1.00,1.00,NULL,NULL,0.43,0.29,0.43,0.00
Seabird Island,5909832,770,NULL,0.49,0.23,0.14,0.53,0.30,0.51,0.33,0.21,0.01,0.00,0.00,0.00,0.00,0.94,0.70,NULL,NULL,0.13,0.47,0.58,0.23
Cheam 1,5909837,205,0.01,0.51,0.22,0.20,0.63,0.33,0.67,0.29,NULL,0.15,0.00,0.00,0.00,0.00,0.95,0.86,NULL,NULL,0.31,0.38,0.52,0.20
Chehalis 5,5909839,535,0.01,0.50,0.19,0.21,0.62,0.34,0.46,0.29,0.26,0.02,0.00,0.00,0.00,0.00,0.94,0.78,NULL,NULL,0.20,0.40,0.53,0.12
Stullawheets 8,5909841,50,0.01,0.50,0.00,0.10,0.70,0.41,0.38,0.4,NULL,0.00,0.00,0.00,0.00,0.00,0.60,1.00,NULL,NULL,0.29,0.29,0.38,0.00
Douglas 8,5909842,65,NULL,0.54,0.23,0.08,0.66,0.30,0.56,0.33,NULL,0.00,0.00,0.00,0.00,0.00,1.00,0.50,NULL,NULL,0.33,0.33,0.67,0.33
Skookumchuck 4,5909845,85,NULL,0.47,0.35,0.06,0.79,0.33,0.67,0.32,NULL,0.00,0.00,0.00,0.00,0.00,0.94,0.40,NULL,NULL,0.17,0.33,0.50,0.33
Q'alatkú7em,5909875,75,0.03,0.60,0.27,0.07,0.56,0.29,0.64,0.32,NULL,NULL,NULL,NULL,NULL,NULL,NULL,NULL,NULL,NULL,NULL,NULL,NULL,NULL
Upper Sumas 6,5909877,180,0.01,0.56,0.25,0.19,0.69,0.36,0.61,0.3,NULL,0.06,0.00,0.00,0.00,0.00,0.91,0.75,NULL,NULL,0.25,0.43,0.50,0.21
Matsqui Main 2,5909878,110,0.01,0.55,0.23,0.18,0.59,0.28,0.50,0.36,NULL,0.00,0.00,0.00,0.00,0.00,0.82,0.83,NULL,NULL,0.20,0.20,0.57,0.00
Holachten 8,5909879,300,0.02,0.50,0.17,0.13,0.78,0.44,0.47,0.25,0.25,0.03,0.00,0.00,0.00,0.00,0.38,0.85,NULL,NULL,0.31,0.39,0.49,0.08
Lakahahmen 11,5909880,175,0.04,0.51,0.14,0.20,0.69,0.41,0.46,0.26,NULL,0.06,0.00,0.00,0.00,0.00,0.31,0.88,NULL,NULL,0.31,0.38,0.57,0.00
Skweahm 10,5909881,215,0.03,0.44,0.05,0.14,0.86,0.54,0.40,0.23,NULL,0.00,0.00,0.00,0.00,0.00,0.18,0.95,NULL,NULL,0.30,0.47,0.50,0.10
Squawkum Creek 3,5909882,120,0.01,0.54,0.21,0.17,0.67,0.32,0.38,0.35,NULL,0.00,0.00,0.00,0.00,0.00,0.96,0.40,NULL,NULL,0.25,0.44,0.50,0.50
Skowkale,5909884,840,0.12,0.47,0.12,0.11,0.45,0.53,0.32,0.25,0.26,0.03,0.01,0.00,0.00,0.00,0.32,0.95,NULL,NULL,0.11,0.47,0.36,0.07
Squiaala,5909885,135,0.01,0.56,0.22,0.19,0.59,0.31,0.58,0.29,NULL,0.07,0.00,0.00,0.00,0.00,0.93,0.67,NULL,NULL,0.32,0.26,0.37,0.00
Langley,5915002,25885,0.25,0.48,0.20,0.20,0.65,0.42,0.48,0.28,0.40,0.03,0.05,0.03,0.01,0.01,0.07,0.62,0.44,0.96,0.34,0.46,0.66,0.06
Surrey,5915004,517885,0.16,0.50,0.20,0.21,0.63,0.39,0.40,0.31,0.40,0.11,0.09,0.35,0.02,0.01,0.03,0.71,0.76,1.05,0.20,0.49,0.66,0.07
White Rock,5915007,19955,0.39,0.45,0.11,0.15,0.57,0.52,0.48,0.25,0.51,0.07,0.01,0.06,0.01,0.01,0.03,0.68,0.86,1.22,0.30,0.38,0.54,0.06
Delta,5915011,102240,0.06,0.49,0.16,0.19,0.59,0.42,0.38,0.3,0.48,0.09,0.04,0.21,0.01,0.01,0.03,0.79,0.92,1.22,0.32,0.53,0.64,0.05
Richmond,5915015,198310,0.15,0.48,0.20,0.20,0.67,0.42,0.41,0.29,0.38,0.57,0.09,0.09,0.01,0.01,0.01,0.74,0.97,1.33,0.30,0.57,0.61,0.06
Greater Vancouver A,5915020,16135,NULL,0.48,0.31,0.19,0.64,0.34,0.51,0.29,0.53,0.43,0.02,0.09,0.00,0.02,0.02,0.46,1.25,1.74,0.06,0.67,0.50,0.11
Vancouver,5915022,631485,0.55,0.49,0.27,0.22,0.84,0.42,0.50,0.27,0.52,0.30,0.09,0.08,0.01,0.02,0.03,0.47,1.41,1.30,0.14,0.63,0.68,0.06
Burnaby,5915025,232755,0.26,0.49,0.24,0.21,0.68,0.41,0.45,0.29,0.41,0.37,0.08,0.11,0.02,0.02,0.02,0.62,0.96,1.17,0.28,0.47,0.63,0.06
New Westminster,5915029,71000,0.45,0.49,0.23,0.22,0.71,0.42,0.46,0.27,0.44,0.15,0.10,0.10,0.02,0.02,0.04,0.56,0.64,1.04,0.28,0.61,0.70,0.06
Coquitlam,5915034,139285,0.11,0.49,0.20,0.22,0.66,0.40,0.40,0.3,0.44,0.30,0.06,0.11,0.01,0.02,0.03,0.72,0.87,1.22,0.29,0.58,0.65,0.06
Belcarra,5915036,645,0.01,0.49,0.10,0.15,0.57,0.48,0.27,0.26,1.19,0.09,0.00,0.02,0.00,0.00,0.00,0.90,2.25,0.00,0.13,0.66,0.56,0.03
Anmore,5915038,2210,0.01,0.50,0.16,0.21,0.64,0.39,0.34,0.32,0.74,0.17,0.01,0.03,0.01,0.01,0.02,0.91,1.72,1.60,0.25,0.53,0.72,0.04
Port Coquitlam,5915039,58615,0.20,0.49,0.19,0.22,0.66,0.40,0.41,0.29,0.45,0.15,0.06,0.08,0.02,0.02,0.04,0.77,0.65,1.15,0.20,0.54,0.70,0.05
Port Moody,5915043,33550,0.13,0.49,0.17,0.24,0.65,0.39,0.37,0.29,0.56,0.12,0.03,0.06,0.01,0.02,0.03,0.75,0.85,1.33,0.26,0.65,0.71,0.05
North Vancouver,5915051,52900,0.45,0.48,0.21,0.23,0.82,0.42,0.47,0.27,0.49,0.08,0.07,0.12,0.01,0.02,0.03,0.53,0.87,1.34,0.14,0.67,0.70,0.05
West Vancouver,5915055,42470,0.05,0.46,0.11,0.17,0.53,0.47,0.39,0.29,1.00,0.22,0.02,0.12,0.00,0.01,0.01,0.75,2.46,1.91,0.23,0.68,0.52,0.06
Bowen Island,5915062,3680,0.01,0.48,0.10,0.20,0.59,0.45,0.31,0.28,0.61,0.04,0.01,0.02,0.01,0.01,0.04,0.82,0.94,1.40,0.21,0.72,0.69,0.03
Lions Bay,5915065,1335,0.05,0.50,0.11,0.19,0.58,0.45,0.28,0.28,0.69,0.04,0.02,0.03,0.00,0.03,0.00,0.91,1.62,2.66,0.18,0.77,0.69,0.04
Pitt Meadows,5915070,18570,0.02,0.49,0.17,0.21,0.63,0.41,0.37,0.29,0.48,0.06,0.05,0.06,0.01,0.01,0.04,0.78,0.60,1.15,0.34,0.52,0.69,0.05
Maple Ridge,5915075,82255,0.03,0.49,0.18,0.21,0.63,0.40,0.40,0.29,0.46,0.05,0.03,0.04,0.01,0.01,0.05,0.80,0.61,1.09,0.33,0.51,0.69,0.05
Semiahmoo,5915801,120,0.01,0.50,0.17,0.17,0.79,0.43,0.52,0.28,NULL,0.08,0.00,0.00,0.00,0.08,0.42,0.58,NULL,NULL,0.19,0.52,0.57,0.17
Tsawwassen,5915802,815,0.01,0.51,0.13,0.15,0.61,0.49,0.40,0.26,0.64,0.07,0.01,0.01,0.00,0.00,0.31,0.88,NULL,NULL,0.33,0.55,0.49,0.08
Musqueam 2,5915803,1650,0.09,0.49,0.18,0.18,0.74,0.40,0.47,0.3,0.49,0.12,0.02,0.04,0.00,0.02,0.48,0.72,NULL,NULL,0.30,0.54,0.61,0.09
Coquitlam 1,5915805,50,0.31,0.70,0.30,0.20,0.70,0.29,0.43,0.4,NULL,0.00,0.00,0.00,0.00,0.00,0.91,0.50,NULL,NULL,0.29,0.43,0.57,0.00
Burrard Inlet 3,5915806,1855,0.18,0.44,0.19,0.24,0.84,0.43,0.44,0.25,0.74,0.06,0.05,0.04,0.00,0.01,0.20,0.81,NULL,NULL,0.27,0.52,0.70,0.07
Mission 1,5915807,575,0.21,0.51,0.23,0.21,0.74,0.36,0.57,0.31,0.25,0.02,0.03,0.00,0.00,0.00,0.86,0.41,NULL,NULL,0.18,0.39,0.58,0.16
Capilano 5,5915808,2930,0.17,0.48,0.21,0.22,0.82,0.42,0.52,0.27,0.31,0.08,0.01,0.26,0.01,0.00,0.35,0.27,NULL,NULL,0.23,0.62,0.56,0.13
Seymour Creek 2,5915811,125,0.03,0.52,0.24,0.20,0.70,0.37,0.67,0.32,NULL,0.00,0.00,0.00,0.00,0.00,0.84,0.63,NULL,NULL,0.32,0.32,0.52,0.00
Katzie 2,5915813,40,0.01,0.38,0.13,0.25,0.75,0.40,0.50,0.35,NULL,0.00,0.00,0.00,0.00,0.00,0.75,1.00,NULL,NULL,0.22,0.22,0.44,0.00
McMillan Island 6,5915816,95,0.01,0.47,0.16,0.21,0.75,0.37,0.53,0.27,NULL,0.10,0.00,0.00,0.00,0.00,0.90,0.71,NULL,NULL,0.38,0.31,0.65,0.18
Matsqui 4,5915825,470,0.17,0.45,0.02,0.02,0.34,0.71,0.30,0.21,0.27,0.00,0.00,0.00,0.00,0.00,0.05,0.95,NULL,NULL,0.09,0.40,0.20,0.00
Katzie 1,5915830,265,0.06,0.47,0.25,0.17,0.64,0.32,0.51,0.31,0.22,0.00,0.00,0.00,0.00,0.00,0.90,0.71,NULL,NULL,0.28,0.28,0.54,0.19
North Saanich,5917005,11250,0.03,0.49,0.10,0.14,0.53,0.50,0.28,0.26,0.64,0.02,0.01,0.01,0.01,0.00,0.03,0.87,0.90,1.21,0.24,0.67,0.55,0.04
Sidney,5917010,11675,0.23,0.45,0.10,0.13,0.86,0.55,0.41,0.25,0.40,0.01,0.03,0.01,0.00,0.00,0.04,0.76,0.50,1.21,0.30,0.58,0.48,0.04
Central Saanich,5917015,16815,0.04,0.48,0.14,0.16,0.56,0.47,0.36,0.27,0.49,0.03,0.01,0.02,0.00,0.00,0.06,0.80,0.65,1.19,0.30,0.58,0.64,0.04
Saanich,5917021,114145,0.11,0.48,0.20,0.18,0.60,0.43,0.43,0.27,0.46,0.10,0.03,0.06,0.01,0.01,0.04,0.70,0.69,1.18,0.28,0.60,0.63,0.06
salt spring island,5917027,10560,0.01,0.47,0.09,0.16,0.54,0.50,0.40,0.26,0.38,0.01,0.01,0.01,0.01,0.01,0.06,0.76,0.63,1.01,0.26,0.64,0.58,0.04
Southern Gulf Islands,5917029,4730,NULL,0.49,0.05,0.12,0.48,0.57,0.33,0.23,0.38,0.02,0.00,0.00,0.00,0.01,0.05,0.86,0.52,0.76,0.12,0.68,0.48,0.03
Oak Bay,5917030,18095,0.17,0.46,0.11,0.15,0.81,0.49,0.38,0.27,0.71,0.06,0.01,0.02,0.00,0.01,0.03,0.76,1.07,1.20,0.21,0.44,0.55,0.05
Victoria,5917034,85795,0.44,0.47,0.27,0.19,0.67,0.45,0.55,0.25,0.43,0.06,0.03,0.03,0.01,0.01,0.06,0.39,0.57,1.05,0.26,0.64,0.68,0.06
Colwood,5917041,16860,0.10,0.49,0.18,0.21,0.61,0.41,0.36,0.28,0.49,0.03,0.02,0.01,0.01,0.01,0.06,0.74,0.53,1.20,0.33,0.53,0.68,0.05
Metchosin,5917042,4710,0.01,0.53,0.13,0.16,0.62,0.47,0.34,0.27,0.46,0.02,0.00,0.00,0.00,0.00,0.05,0.78,0.76,1.09,0.16,0.59,0.63,0.05
Langford,5917044,35340,0.09,0.49,0.21,0.23,0.65,0.39,0.40,0.28,0.44,0.03,0.03,0.03,0.01,0.01,0.07,0.70,0.47,1.25,0.33,0.53,0.72,0.05
View Royal,5917047,10410,0.07,0.49,0.16,0.21,0.62,0.43,0.39,0.27,0.47,0.04,0.02,0.06,0.01,0.01,0.06,0.72,0.59,1.22,0.28,0.59,0.67,0.04
Highlands,5917049,2225,0.01,0.51,0.15,0.21,0.79,0.42,0.31,0.28,0.52,0.02,0.00,0.02,0.00,0.00,0.07,0.88,0.76,1.28,0.33,0.47,0.74,0.04
Sooke,5917052,13000,0.02,0.49,0.15,0.22,0.60,0.41,0.37,0.28,0.41,0.02,0.01,0.01,0.00,0.00,0.09,0.78,0.42,1.11,0.32,0.51,0.65,0.06
Juan de Fuca (Part 1),5917054,4670,NULL,0.51,0.12,0.20,0.82,0.45,0.31,0.26,0.52,0.01,0.01,0.01,0.01,0.00,0.08,0.84,0.62,1.06,0.17,0.59,0.61,0.06
Juan de Fuca (Part 2),5917056,190,NULL,0.55,0.13,0.18,0.84,0.47,0.29,0.26,NULL,0.04,0.00,0.00,0.00,0.00,0.00,0.93,0.32,0.00,0.40,0.52,0.50,0.00
Cole Bay 3,5917801,335,0.01,0.48,0.16,0.19,0.56,0.31,0.62,0.32,0.18,0.00,0.00,0.00,0.00,0.00,0.98,0.71,NULL,NULL,0.29,0.24,0.51,0.26
Union Bay 4,5917802,95,0.03,0.58,0.21,0.16,0.64,0.33,0.50,0.25,NULL,0.00,0.00,0.00,0.00,0.00,0.95,0.57,NULL,NULL,0.21,0.36,0.64,0.33
East Saanich 2,5917803,1690,0.06,0.48,0.10,0.10,0.81,0.51,0.41,0.25,0.25,0.01,0.01,0.00,0.01,0.00,0.40,0.93,NULL,NULL,0.27,0.48,0.43,0.11
South Saanich 1,5917804,820,0.04,0.51,0.22,0.16,0.58,0.32,0.53,0.34,0.21,0.00,0.01,0.00,0.00,0.00,0.89,0.72,NULL,NULL,0.25,0.39,0.60,0.18
Becher Bay 1,5917809,125,NULL,0.48,0.28,0.20,0.76,0.35,0.50,0.3,NULL,0.08,0.00,0.00,0.00,0.00,0.81,0.56,NULL,NULL,0.25,0.35,0.55,0.18
New Songhees 1A,5917812,1840,0.26,0.46,0.17,0.15,0.83,0.47,0.54,0.25,0.28,0.01,0.01,0.00,0.02,0.01,0.33,0.76,NULL,NULL,0.35,0.35,0.49,0.09
Gordon River 2,5917815,110,0.01,0.50,0.18,0.18,0.72,0.40,0.67,0.28,NULL,0.00,0.00,0.00,0.00,0.00,1.00,0.67,NULL,NULL,0.29,0.36,0.50,0.00
T'Sou-ke,5917819,225,0.03,0.49,0.18,0.22,0.67,0.37,0.46,0.31,NULL,0.00,0.00,0.00,0.00,0.00,0.73,0.65,NULL,NULL,0.29,0.40,0.68,0.13
North Cowichan,5919008,29675,0.02,0.48,0.14,0.16,0.58,0.46,0.39,0.26,0.39,0.02,0.01,0.03,0.00,0.00,0.09,0.75,0.41,0.95,0.30,0.34,0.57,0.06
Duncan,5919012,4945,0.24,0.44,0.13,0.14,0.50,0.51,0.57,0.26,0.29,0.01,0.01,0.01,0.01,0.00,0.14,0.54,0.26,0.83,0.18,0.47,0.49,0.09
Cowichan Valley D,5919013,3245,0.02,0.50,0.11,0.18,0.60,0.46,0.36,0.26,0.41,0.03,0.00,0.00,0.00,0.00,0.06,0.81,0.41,1.07,0.26,0.59,0.58,0.06
Cowichan Valley G,5919015,2325,NULL,0.51,0.10,0.12,0.89,0.53,0.31,0.24,0.38,0.01,0.00,0.00,0.00,0.00,0.07,0.90,0.50,0.77,0.26,0.38,0.45,0.09
Lake Cowichan,5919016,3225,0.04,0.50,0.13,0.19,0.81,0.46,0.42,0.26,0.31,0.01,0.01,0.02,0.00,0.00,0.11,0.74,0.31,0.89,0.35,0.29,0.56,0.12
Cowichan Valley H,5919017,2445,NULL,0.51,0.10,0.16,0.61,0.50,0.33,0.25,0.41,0.02,0.00,0.00,0.01,0.00,0.08,0.84,0.54,0.89,0.25,0.40,0.60,0.07
Ladysmith,5919021,8535,0.07,0.47,0.12,0.16,0.53,0.47,0.37,0.26,0.40,0.02,0.01,0.01,0.00,0.00,0.09,0.81,0.35,0.95,0.29,0.56,0.57,0.06
Cowichan Valley F,5919033,1630,NULL,0.53,0.13,0.17,0.65,0.48,0.36,0.25,0.37,0.01,0.00,0.01,0.00,0.00,0.09,0.77,0.45,0.75,0.32,0.51,0.54,0.09
Cowichan Valley I,5919035,1205,NULL,0.52,0.09,0.15,0.64,0.51,0.40,0.24,0.39,0.00,0.00,0.01,0.00,0.00,0.07,0.74,0.47,0.74,0.24,0.58,0.49,0.09
Cowichan Valley A,5919043,4735,0.01,0.50,0.10,0.17,0.59,0.47,0.34,0.26,0.48,0.02,0.01,0.01,0.01,0.00,0.06,0.82,0.51,1.03,0.16,0.59,0.60,0.07
Cowichan Valley B,5919046,8560,NULL,0.51,0.15,0.21,0.63,0.41,0.35,0.28,0.45,0.01,0.01,0.01,0.01,0.00,0.07,0.85,0.50,1.11,0.29,0.55,0.71,0.06
Cowichan Valley C,5919049,5020,0.02,0.49,0.09,0.14,0.51,0.51,0.29,0.25,0.44,0.02,0.01,0.01,0.00,0.00,0.05,0.89,0.50,1.04,0.14,0.57,0.49,0.06
Cowichan Valley E,5919051,4120,NULL,0.50,0.15,0.19,0.63,0.43,0.36,0.28,0.40,0.01,0.01,0.01,0.00,0.00,0.09,0.83,0.47,0.97,0.22,0.52,0.69,0.07
Halalt 2,5919801,170,0.01,0.53,0.26,0.18,0.68,0.34,0.54,0.31,NULL,0.00,0.00,0.00,0.00,0.00,0.94,0.75,NULL,NULL,0.20,0.40,0.46,0.25
Tsussie 6,5919803,105,0.08,0.52,0.19,0.24,0.62,0.30,0.67,0.34,NULL,0.00,0.00,0.00,0.00,0.00,0.95,0.60,NULL,NULL,0.27,0.33,0.40,0.33
Chemainus 13,5919804,735,0.01,0.52,0.20,0.20,0.53,0.30,0.50,0.35,0.18,0.00,0.00,0.00,0.00,0.00,0.99,0.44,NULL,NULL,0.14,0.27,0.41,0.20
Penelakut Island 7,5919809,455,NULL,0.48,0.24,0.15,0.53,0.29,0.50,0.33,0.17,0.00,0.00,0.00,0.00,0.00,1.00,0.63,NULL,NULL,0.17,0.17,0.47,0.41
Malachan 11,5919814,160,0.03,0.50,0.28,0.19,0.65,0.29,0.52,0.32,NULL,0.00,0.00,0.00,0.00,0.00,0.94,0.36,NULL,NULL,0.32,0.27,0.64,0.21
Malahat 11,5919815,145,0.01,0.52,0.24,0.14,0.55,0.29,0.57,0.32,NULL,0.00,0.00,0.00,0.00,0.00,1.00,0.71,NULL,NULL,0.15,0.10,0.42,0.25
Oyster Bay 12,5919816,80,0.01,0.56,0.19,0.19,0.53,0.28,0.50,0.35,NULL,0.00,0.00,0.00,0.00,0.00,1.00,0.67,NULL,NULL,0.50,0.20,0.67,0.33
Cowichan,5919822,2085,0.01,0.51,0.23,0.16,0.56,0.32,0.62,0.33,0.19,0.00,0.00,0.00,0.00,0.00,0.95,0.66,NULL,NULL,0.20,0.31,0.48,0.27
Nanaimo,5921007,90500,0.10,0.48,0.19,0.17,0.59,0.44,0.44,0.27,0.38,0.04,0.02,0.03,0.01,0.01,0.08,0.68,0.39,0.98,0.31,0.54,0.60,0.08
Lantzville,5921008,3605,0.01,0.51,0.13,0.16,0.81,0.46,0.33,0.27,0.46,0.01,0.01,0.03,0.01,0.00,0.06,0.88,0.58,1.12,0.31,0.56,0.59,0.07
Nanaimo A,5921010,7055,0.01,0.51,0.14,0.19,0.61,0.45,0.36,0.26,0.43,0.01,0.01,0.00,0.00,0.00,0.08,0.85,0.44,0.99,0.31,0.51,0.62,0.08
Nanaimo B,5921014,4035,0.01,0.48,0.06,0.13,0.53,0.56,0.34,0.23,0.32,0.01,0.00,0.00,0.00,0.00,0.07,0.83,0.45,0.81,0.24,0.66,0.46,0.10
Nanaimo C,5921016,2810,NULL,0.51,0.14,0.20,0.63,0.44,0.32,0.27,0.45,0.02,0.01,0.01,0.02,0.00,0.09,0.86,0.57,1.19,0.28,0.57,0.66,0.07
Parksville,5921018,12510,0.09,0.45,0.10,0.12,0.45,0.55,0.40,0.24,0.33,0.01,0.01,0.01,0.00,0.00,0.05,0.75,0.37,1.00,0.29,0.55,0.43,0.07
Qualicum Beach,5921023,8940,0.05,0.45,0.06,0.09,0.39,0.60,0.32,0.23,0.42,0.01,0.01,0.00,0.00,0.00,0.04,0.86,0.49,1.10,0.10,0.63,0.35,0.06
Nanaimo E,5921030,6125,0.01,0.49,0.08,0.12,0.53,0.54,0.25,0.24,0.52,0.01,0.00,0.00,0.01,0.00,0.05,0.90,0.66,1.10,0.14,0.65,0.47,0.07
Nanaimo F,5921032,7725,NULL,0.52,0.14,0.19,0.61,0.44,0.39,0.26,0.36,0.01,0.01,0.00,0.01,0.00,0.10,0.73,0.44,0.88,0.32,0.50,0.60,0.09
Nanaimo G,5921034,7465,0.02,0.49,0.09,0.12,0.50,0.53,0.28,0.25,0.42,0.01,0.01,0.01,0.01,0.00,0.04,0.89,0.50,1.09,0.15,0.57,0.46,0.08
Nanaimo H,5921036,3880,NULL,0.50,0.09,0.13,0.57,0.53,0.31,0.24,0.35,0.01,0.02,0.00,0.01,0.00,0.09,0.81,0.47,0.92,0.18,0.53,0.47,0.11
Nanaimo Town 1,5921804,360,0.18,0.50,0.21,0.21,0.71,0.35,0.53,0.3,0.23,0.00,0.00,0.00,0.00,0.00,0.97,0.70,NULL,NULL,0.20,0.49,0.49,0.22
Nanoose,5921805,230,0.03,0.46,0.22,0.15,0.55,0.31,0.61,0.29,NULL,0.00,0.00,0.00,0.00,0.00,0.96,0.38,NULL,NULL,0.26,0.38,0.64,0.24
Qualicum,5921806,75,0.01,0.53,0.27,0.13,0.78,0.38,0.58,0.37,NULL,0.00,0.00,0.00,0.00,0.00,0.71,0.67,NULL,NULL,0.27,0.36,0.73,0.00
Nanaimo River,5921807,375,0.02,0.52,0.20,0.19,0.64,0.35,0.50,0.34,0.26,0.00,0.00,0.00,0.00,0.00,0.90,0.70,NULL,NULL,0.28,0.28,0.46,0.19
Port Alberni,5923008,17675,0.09,0.49,0.15,0.16,0.55,0.45,0.46,0.27,0.33,0.02,0.01,0.03,0.00,0.00,0.16,0.68,0.23,0.79,0.30,0.44,0.52,0.10
Ucluelet,5923019,1720,0.03,0.51,0.21,0.26,0.68,0.40,0.43,0.27,0.36,0.07,0.04,0.00,0.00,0.00,0.10,0.70,0.40,1.00,0.32,0.56,0.78,0.06
Tofino,5923025,1930,0.02,0.52,0.32,0.23,0.72,0.38,0.48,0.27,0.39,0.01,0.02,0.00,0.01,0.01,0.08,0.58,0.65,1.05,0.25,0.51,0.80,0.07
Alberni-Clayoquot B,5923033,445,NULL,0.51,0.10,0.18,0.66,0.49,0.33,0.25,0.29,0.00,0.00,0.02,0.00,0.00,0.08,0.85,0.50,0.00,0.25,0.24,0.53,0.10
Alberni-Clayoquot D,5923035,1620,NULL,0.53,0.09,0.13,0.87,0.52,0.30,0.24,0.49,0.02,0.00,0.00,0.00,0.00,0.09,0.90,0.62,0.83,0.28,0.59,0.56,0.11
Alberni-Clayoquot E,5923037,2755,0.01,0.50,0.13,0.17,0.60,0.46,0.34,0.26,0.37,0.00,0.00,0.01,0.01,0.00,0.11,0.85,0.33,0.71,0.31,0.31,0.59,0.10
Alberni-Clayoquot F,5923039,1935,NULL,0.50,0.12,0.17,0.57,0.47,0.34,0.27,0.37,0.01,0.02,0.02,0.00,0.01,0.05,0.88,0.30,0.79,0.31,0.42,0.57,0.08
Alberni-Clayoquot A,5923047,240,NULL,0.63,0.17,0.15,1.00,0.53,0.51,0.23,NULL,0.00,0.00,0.00,0.04,0.00,0.06,0.72,0.46,0.59,0.23,0.40,0.52,0.00
Alberni-Clayoquot C,5923049,675,NULL,0.55,0.21,0.19,0.75,0.39,0.44,0.28,0.27,0.00,0.00,0.00,0.00,0.00,0.51,0.62,0.43,0.77,0.17,0.48,0.69,0.11
Ahahswinis 1,5923801,120,0.03,0.46,0.13,0.21,0.67,0.41,0.63,0.3,NULL,0.00,0.00,0.00,0.00,0.00,0.88,0.73,NULL,NULL,0.25,0.35,0.50,0.20
Anacla 12,5923803,80,0.01,0.56,0.25,0.25,0.97,0.39,0.54,0.28,NULL,0.00,0.00,0.00,0.00,0.00,0.88,1.00,NULL,NULL,0.00,0.36,0.64,0.22
Ittatsoo 1,5923807,275,0.04,0.55,0.25,0.18,0.69,0.35,0.56,0.33,0.23,0.00,0.00,0.00,0.00,0.00,0.96,0.50,NULL,NULL,0.26,0.19,0.68,0.13
Marktosis 15,5923808,620,0.05,0.52,0.23,0.18,0.58,0.30,0.42,0.33,0.19,0.01,0.00,0.00,0.00,0.00,0.97,0.72,NULL,NULL,0.15,0.51,0.59,0.23
Opitsat 1,5923813,150,0.02,0.57,0.27,0.20,0.61,0.30,0.48,0.31,NULL,0.00,0.00,0.00,0.00,0.00,0.97,0.78,NULL,NULL,0.24,0.14,0.48,0.00
Tsahaheh 1,5923816,545,0.01,0.50,0.22,0.20,0.58,0.32,0.52,0.33,0.27,0.00,0.00,0.00,0.02,0.00,0.95,0.77,NULL,NULL,0.19,0.35,0.61,0.19
Esowista 3,5923823,95,0.10,0.58,0.16,0.16,0.64,0.38,0.56,0.27,NULL,0.00,0.11,0.00,0.00,0.00,0.95,1.00,NULL,NULL,0.25,0.38,0.69,0.18
Refuge Cove 6,5923824,45,0.03,0.44,0.11,0.11,1.16,0.49,0.86,0.4,NULL,0.00,0.00,0.00,0.00,0.00,1.00,0.60,NULL,NULL,0.25,0.50,0.50,0.50
Gold River,5924025,1210,0.01,0.52,0.09,0.15,0.56,0.48,0.33,0.25,0.40,0.02,0.00,0.00,0.00,0.00,0.10,0.89,0.16,0.57,0.29,0.50,0.54,0.09
Zeballos,5924029,105,0.01,0.52,0.14,0.19,0.95,0.48,0.45,0.28,NULL,0.00,0.11,0.00,0.00,0.00,0.21,0.69,0.15,0.00,0.37,0.47,0.79,0.13
Tahsis,5924030,245,NULL,0.55,0.08,0.14,0.92,0.53,0.54,0.23,NULL,0.00,0.00,0.00,0.00,0.05,0.05,0.97,0.09,0.00,0.37,0.34,0.37,0.13
Campbell River,5924034,32585,0.02,0.49,0.16,0.18,0.60,0.44,0.40,0.27,0.40,0.01,0.02,0.01,0.00,0.00,0.12,0.71,0.33,0.97,0.32,0.35,0.60,0.10
Sayward,5924039,310,0.01,0.53,0.10,0.15,0.85,0.49,0.30,0.25,0.34,0.03,0.00,0.00,0.03,0.00,0.16,0.86,0.18,0.00,0.29,0.35,0.47,0.13
Strathcona D (Oyster Bay - Buttle Lake),5924042,4395,NULL,0.52,0.13,0.16,0.82,0.46,0.32,0.26,0.45,0.01,0.01,0.00,0.00,0.01,0.10,0.89,0.41,1.04,0.18,0.56,0.60,0.09
Strathcona A,5924048,760,NULL,0.53,0.11,0.15,0.60,0.49,0.35,0.25,0.35,0.03,0.01,0.00,0.00,0.00,0.10,0.88,0.27,0.59,0.31,0.44,0.51,0.13
Strathcona B,5924052,1035,NULL,0.52,0.11,0.16,0.64,0.48,0.44,0.25,0.28,0.02,0.02,0.01,0.01,0.00,0.09,0.65,0.36,0.79,0.25,0.61,0.58,0.07
Strathcona C,5924054,2430,NULL,0.50,0.11,0.15,0.86,0.50,0.36,0.25,0.32,0.01,0.00,0.00,0.00,0.00,0.05,0.77,0.40,0.71,0.31,0.39,0.56,0.11
Campbell River 11,5924804,380,0.03,0.50,0.16,0.17,0.74,0.41,0.51,0.3,0.28,0.00,0.00,0.00,0.00,0.00,0.86,0.85,NULL,NULL,0.26,0.48,0.63,0.22
Houpsitas 6,5924806,185,0.13,0.51,0.22,0.16,0.56,0.31,0.50,0.31,NULL,0.00,0.00,0.00,0.00,0.00,0.97,0.40,NULL,NULL,0.19,0.19,0.50,0.31
Quinsam 12,5924812,295,0.02,0.53,0.19,0.17,0.71,0.38,0.43,0.29,0.38,0.00,0.00,0.00,0.00,0.00,0.80,0.95,NULL,NULL,0.30,0.39,0.67,0.16
Cape Mudge 10,5924817,145,NULL,0.52,0.14,0.21,0.79,0.43,0.50,0.27,NULL,0.00,0.00,0.00,0.00,0.00,0.80,0.91,NULL,NULL,0.21,0.50,0.63,0.20
Tork 7,5924820,65,NULL,0.46,0.08,0.38,1.05,0.46,0.45,0.22,NULL,0.00,0.00,0.00,0.00,0.00,1.00,0.50,NULL,NULL,0.17,0.33,0.55,0.00
Tsa Xana 18,5924835,190,0.01,0.58,0.24,0.16,0.57,0.30,0.50,0.32,NULL,0.00,0.05,0.00,0.00,0.00,1.00,0.58,NULL,NULL,0.27,0.38,0.56,0.36
Ehatis 11,5924836,90,0.04,0.50,0.22,0.17,0.56,0.26,0.45,0.4,NULL,0.00,0.00,0.00,0.00,0.00,1.00,0.50,NULL,NULL,0.27,0.27,0.64,0.29
Homalco 9,5924840,205,0.04,0.54,0.24,0.22,0.71,0.38,0.57,0.28,NULL,0.00,0.00,0.00,0.00,0.00,0.95,0.27,NULL,NULL,0.34,0.23,0.49,0.29
Comox,5926005,14025,0.08,0.47,0.11,0.16,0.52,0.48,0.37,0.26,0.41,0.02,0.01,0.01,0.00,0.00,0.08,0.77,0.39,0.99,0.28,0.58,0.54,0.07
Courtenay,5926010,25595,0.08,0.47,0.16,0.17,0.58,0.46,0.44,0.26,0.36,0.03,0.02,0.01,0.01,0.00,0.08,0.70,0.34,0.95,0.32,0.34,0.56,0.09
Cumberland,5926014,3755,0.01,0.49,0.19,0.22,0.64,0.40,0.43,0.27,0.36,0.01,0.01,0.00,0.00,0.00,0.07,0.74,0.33,0.94,0.26,0.58,0.70,0.07
Comox Valley A,5926021,7215,NULL,0.49,0.10,0.14,0.56,0.51,0.36,0.25,0.36,0.01,0.00,0.00,0.00,0.00,0.06,0.83,0.49,0.87,0.27,0.61,0.53,0.08
Comox Valley B (Lazo North),5926022,7095,0.01,0.50,0.10,0.16,0.57,0.48,0.33,0.26,0.43,0.02,0.01,0.00,0.00,0.00,0.06,0.85,0.53,1.07,0.28,0.57,0.57,0.07
Comox Valley C (Puntledge - Black Creek),5926024,8615,NULL,0.51,0.13,0.17,0.61,0.46,0.33,0.27,0.39,0.01,0.00,0.00,0.00,0.00,0.07,0.85,0.46,0.87,0.30,0.55,0.63,0.08
Comox 1,5926801,225,0.04,0.51,0.16,0.18,0.87,0.47,0.53,0.25,NULL,0.00,0.00,0.00,0.00,0.00,0.52,0.90,NULL,NULL,0.24,0.39,0.60,0.13
Powell River,5927008,13160,0.05,0.49,0.13,0.15,0.55,0.48,0.41,0.26,0.36,0.01,0.01,0.00,0.01,0.00,0.07,0.75,0.28,0.83,0.31,0.49,0.53,0.07
Powell River A,5927010,1105,NULL,0.51,0.10,0.14,0.63,0.50,0.35,0.25,0.32,0.02,0.02,0.00,0.00,0.00,0.10,0.86,0.42,0.42,0.23,0.61,0.46,0.09
Powell River B,5927012,1540,NULL,0.51,0.10,0.15,0.59,0.49,0.36,0.26,0.41,0.00,0.00,0.00,0.00,0.01,0.08,0.83,0.36,0.79,0.28,0.54,0.53,0.04
Powell River C,5927016,2065,NULL,0.52,0.11,0.16,0.62,0.49,0.36,0.25,0.32,0.01,0.01,0.00,0.00,0.01,0.08,0.77,0.36,0.69,0.24,0.39,0.52,0.08
Powell River D,5927018,1075,NULL,0.53,0.07,0.13,0.62,0.55,0.40,0.23,0.30,0.00,0.00,0.00,0.01,0.00,0.09,0.82,0.24,0.57,0.31,0.51,0.44,0.10
Sliammon 1,5927802,705,0.01,0.48,0.16,0.17,0.61,0.42,0.44,0.27,0.30,0.00,0.00,0.00,0.00,0.00,0.69,0.65,NULL,NULL,0.24,0.49,0.59,0.15
Gibsons,5929005,4605,0.11,0.44,0.13,0.15,0.55,0.50,0.46,0.25,0.40,0.03,0.03,0.01,0.02,0.00,0.06,0.72,0.48,1.05,0.15,0.59,0.57,0.06
Sechelt,5929011,10215,0.03,0.47,0.11,0.15,0.51,0.51,0.39,0.25,0.37,0.03,0.03,0.01,0.00,0.00,0.07,0.77,0.51,1.06,0.30,0.56,0.52,0.07
Sunshine Coast A,5929018,2625,NULL,0.52,0.08,0.12,0.90,0.55,0.36,0.23,0.41,0.02,0.01,0.00,0.00,0.00,0.10,0.83,0.69,0.81,0.26,0.30,0.45,0.08
Sunshine Coast B,5929022,2725,NULL,0.50,0.10,0.16,0.83,0.49,0.32,0.25,0.41,0.04,0.01,0.00,0.01,0.00,0.06,0.82,0.71,1.09,0.30,0.37,0.55,0.07
Sunshine Coast D,5929024,3425,NULL,0.48,0.11,0.18,0.80,0.46,0.38,0.26,0.40,0.01,0.00,0.01,0.01,0.00,0.05,0.76,0.69,1.05,0.29,0.60,0.65,0.05
Sunshine Coast E,5929026,3665,0.02,0.49,0.11,0.18,0.79,0.46,0.37,0.27,0.42,0.04,0.01,0.01,0.00,0.01,0.10,0.83,0.53,0.96,0.33,0.50,0.64,0.06
Sunshine Coast F,5929028,2040,NULL,0.50,0.10,0.17,0.61,0.49,0.37,0.25,0.45,0.06,0.01,0.03,0.01,0.01,0.09,0.81,0.68,1.05,0.27,0.42,0.60,0.05
Sechelt (Part),5929803,675,0.01,0.50,0.12,0.18,0.56,0.44,0.57,0.29,0.21,0.01,0.00,0.00,0.00,0.02,0.68,0.71,NULL,NULL,0.26,0.47,0.57,0.14
Squamish,5931006,19510,0.02,0.51,0.20,0.27,0.64,0.38,0.37,0.29,0.47,0.02,0.04,0.07,0.01,0.01,0.06,0.73,0.72,1.30,0.26,0.62,0.76,0.05
Pemberton,5931012,2575,NULL,0.51,0.19,0.33,0.68,0.34,0.33,0.29,0.44,0.05,0.02,0.01,0.00,0.00,0.07,0.78,0.44,1.40,0.32,0.57,0.86,0.06
Squamish-Lillooet C,5931017,1660,NULL,0.53,0.15,0.27,0.67,0.40,0.31,0.28,0.46,0.02,0.01,0.01,0.00,0.01,0.07,0.85,0.57,0.88,0.30,0.58,0.80,0.06
Whistler,5931020,11855,NULL,0.54,0.35,0.24,0.83,0.36,0.47,0.27,0.54,0.04,0.04,0.02,0.00,0.01,0.02,0.61,0.96,1.66,0.27,0.69,0.85,0.05
Squamish-Lillooet D,5931021,1055,NULL,0.51,0.10,0.25,0.64,0.44,0.29,0.26,0.64,0.06,0.01,0.00,0.01,0.00,0.05,0.88,0.99,1.47,0.26,0.63,0.64,0.07
Lillooet,5931026,2275,0.01,0.49,0.12,0.18,0.62,0.47,0.45,0.26,0.34,0.05,0.00,0.01,0.00,0.01,0.27,0.75,0.26,0.70,0.30,0.49,0.58,0.10
Squamish-Lillooet A,5931032,185,NULL,0.57,0.11,0.30,0.95,0.53,0.47,0.23,NULL,0.00,0.00,0.00,0.00,0.00,0.00,0.96,0.59,0.00,0.29,0.50,0.58,0.09
Squamish-Lillooet B,5931034,365,NULL,0.53,0.14,0.12,0.86,0.51,0.38,0.25,0.26,0.05,0.00,0.00,0.03,0.00,0.15,0.88,0.35,0.00,0.26,0.51,0.44,0.00
Cheakamus 11,5931801,60,NULL,0.50,0.08,0.17,0.64,0.33,0.50,0.23,NULL,0.00,0.00,0.00,0.00,0.00,0.91,0.75,NULL,NULL,0.43,0.29,0.63,0.00
Seaichem 16,5931806,50,0.18,0.50,0.00,0.20,0.80,0.47,0.44,0.22,NULL,0.00,0.20,0.00,0.00,0.00,0.30,1.00,NULL,NULL,0.44,0.33,0.60,0.00
Stawamus 24,5931807,110,0.04,0.45,0.32,0.09,0.72,0.35,0.47,0.29,NULL,0.00,0.00,0.00,0.00,0.00,0.95,0.67,NULL,NULL,0.29,0.41,0.65,0.27
Waiwakum 14,5931808,160,0.12,0.50,0.25,0.19,0.70,0.34,0.67,0.3,NULL,0.00,0.00,0.00,0.06,0.00,0.94,0.63,NULL,NULL,0.44,0.26,0.54,0.00
Nesuch 3,5931812,140,NULL,0.50,0.18,0.25,0.79,0.40,0.48,0.27,NULL,0.00,0.00,0.00,0.00,0.00,0.93,0.90,NULL,NULL,0.52,0.35,0.30,0.29
Bridge River 1,5931813,240,NULL,0.52,0.21,0.19,0.69,0.35,0.54,0.3,NULL,0.00,0.00,0.00,0.00,0.00,0.96,0.61,NULL,NULL,0.36,0.31,0.53,0.26
Cayoosh Creek 1,5931814,65,NULL,0.62,0.23,0.15,0.89,0.49,0.50,0.22,NULL,0.00,0.00,0.00,0.00,0.00,0.92,0.71,NULL,NULL,0.25,0.33,0.50,0.00
Chilhil 6,5931815,70,NULL,0.50,0.14,0.21,0.70,0.37,0.40,0.24,NULL,0.00,0.00,0.00,0.00,0.00,1.08,0.40,NULL,NULL,0.30,0.40,0.60,0.50
Fountain 1,5931816,110,0.01,0.55,0.14,0.23,0.82,0.42,0.42,0.27,NULL,0.00,0.00,0.00,0.00,0.00,0.96,0.67,NULL,NULL,0.21,0.47,0.72,0.23
Lillooet 1,5931821,240,0.01,0.48,0.21,0.15,0.67,0.34,0.61,0.3,NULL,0.00,0.00,0.00,0.00,0.00,0.98,0.53,NULL,NULL,0.27,0.38,0.47,0.29
Pashilqua 2,5931828,40,NULL,0.50,0.13,0.25,0.63,0.32,0.50,0.27,NULL,0.00,0.00,0.00,0.00,0.00,1.00,1.00,NULL,NULL,0.33,0.67,0.67,0.50
Pavilion 1,5931829,55,NULL,0.55,0.18,0.18,0.97,0.44,0.56,0.3,NULL,0.00,0.00,0.00,0.00,0.00,1.00,NULL,NULL,NULL,0.22,0.22,0.75,0.33
Slosh 1,5931831,180,NULL,0.50,0.17,0.14,0.72,0.40,0.61,0.28,NULL,0.00,0.00,0.00,0.00,0.00,0.94,0.47,NULL,NULL,0.29,0.50,0.54,0.13
Fountain 1B,5931842,70,0.01,0.50,0.14,0.21,0.50,0.32,0.45,0.32,NULL,0.00,0.00,0.00,0.00,0.00,0.93,0.75,NULL,NULL,0.45,0.27,0.64,0.29
Mount Currie,5931843,1285,0.01,0.53,0.23,0.21,0.63,0.34,0.51,0.31,0.23,0.00,0.00,0.00,0.00,0.00,0.98,0.61,NULL,NULL,0.53,0.25,0.41,0.18
Nequatque,5931844,130,0.01,0.54,0.31,0.15,0.81,0.40,0.55,0.25,NULL,0.00,0.00,0.00,0.08,0.00,0.92,0.73,NULL,NULL,0.55,0.23,0.48,0.18
Merritt,5933006,7140,0.03,0.49,0.15,0.17,0.56,0.44,0.44,0.27,0.39,0.03,0.01,0.06,0.01,0.00,0.23,0.68,0.26,0.87,0.30,0.46,0.58,0.10
Thompson-Nicola M,5933008,1595,NULL,0.50,0.11,0.17,0.64,0.49,0.33,0.25,0.45,0.02,0.01,0.01,0.00,0.00,0.12,0.81,0.40,0.76,0.28,0.48,0.56,0.10
Thompson-Nicola N,5933012,760,NULL,0.51,0.13,0.14,0.64,0.49,0.28,0.25,0.39,0.01,0.00,0.00,0.00,0.00,0.07,0.86,0.45,0.00,0.34,0.42,0.56,0.06
Lytton,5933015,245,NULL,0.53,0.16,0.16,0.86,0.48,0.42,0.24,NULL,0.02,0.00,0.00,0.00,0.00,0.34,0.68,0.18,0.62,0.32,0.34,0.56,0.09
Ashcroft,5933019,1560,NULL,0.49,0.10,0.13,0.55,0.52,0.37,0.25,0.36,0.02,0.02,0.00,0.01,0.00,0.19,0.79,0.25,0.81,0.34,0.42,0.46,0.08
Cache Creek,5933024,965,0.01,0.51,0.13,0.13,0.62,0.49,0.40,0.25,0.36,0.03,0.05,0.00,0.01,0.00,0.12,0.78,0.18,0.74,0.34,0.41,0.53,0.08
Clinton,5933028,640,0.01,0.50,0.11,0.12,0.65,0.51,0.45,0.25,0.33,0.04,0.02,0.00,0.00,0.00,0.17,0.78,0.17,0.62,0.17,0.50,0.49,0.07
Thompson-Nicola E,5933032,1095,NULL,0.53,0.08,0.11,0.63,0.55,0.30,0.23,0.30,0.00,0.00,0.00,0.00,0.00,0.06,0.93,0.40,0.46,0.34,0.44,0.44,0.05
Logan Lake,5933035,1990,NULL,0.49,0.10,0.14,0.56,0.49,0.33,0.25,0.40,0.00,0.01,0.00,0.01,0.00,0.08,0.85,0.22,0.78,0.32,0.51,0.47,0.11
Thompson-Nicola I,5933037,1260,NULL,0.54,0.10,0.15,0.83,0.49,0.37,0.26,0.37,0.01,0.00,0.00,0.01,0.00,0.13,0.85,0.25,0.46,0.34,0.47,0.47,0.08
Thompson-Nicola J,5933039,1580,NULL,0.51,0.11,0.17,0.61,0.47,0.30,0.26,0.52,0.02,0.00,0.03,0.00,0.00,0.08,0.87,0.44,0.96,0.35,0.49,0.59,0.09
Kamloops,5933042,90280,0.03,0.49,0.20,0.19,0.61,0.42,0.43,0.27,0.44,0.03,0.01,0.03,0.01,0.00,0.11,0.72,0.39,1.03,0.32,0.53,0.65,0.07
Thompson-Nicola P,5933044,3670,NULL,0.51,0.13,0.18,0.63,0.46,0.29,0.26,0.48,0.00,0.01,0.00,0.00,0.00,0.09,0.91,0.45,1.10,0.28,0.57,0.62,0.08
Sun Peaks Mountain,5933045,615,NULL,0.52,0.28,0.19,0.77,0.41,0.34,0.25,0.42,0.02,0.00,0.02,0.00,0.00,0.09,0.60,0.47,1.17,0.13,0.71,0.70,0.20
Chase,5933054,2285,0.06,0.48,0.09,0.13,0.84,0.52,0.36,0.25,0.31,0.02,0.00,0.00,0.00,0.00,0.12,0.85,0.24,0.79,0.30,0.43,0.43,0.11
Thompson-Nicola L,5933060,2955,NULL,0.51,0.11,0.17,0.83,0.48,0.30,0.26,0.42,0.00,0.00,0.00,0.00,0.01,0.07,0.87,0.42,0.82,0.31,0.34,0.64,0.05
Clearwater,5933067,2325,NULL,0.50,0.14,0.18,0.61,0.44,0.38,0.27,0.38,0.01,0.00,0.01,0.00,0.00,0.12,0.77,0.32,0.75,0.31,0.46,0.59,0.09
Thompson-Nicola A,5933068,1495,NULL,0.52,0.11,0.15,0.63,0.49,0.34,0.25,0.34,0.00,0.01,0.00,0.01,0.00,0.15,0.88,0.24,0.74,0.31,0.38,0.52,0.18
Thompson-Nicola B,5933070,235,NULL,0.57,0.15,0.15,0.89,0.49,0.45,0.24,NULL,0.00,0.10,0.00,0.00,0.00,0.05,0.76,0.18,0.00,0.32,0.39,0.50,0.10
Thompson-Nicola O,5933072,1320,NULL,0.52,0.11,0.15,0.65,0.49,0.31,0.25,0.35,0.00,0.00,0.01,0.00,0.00,0.09,0.88,0.32,0.77,0.26,0.44,0.56,0.14
Barriere,5933074,1715,0.02,0.50,0.11,0.13,0.52,0.48,0.38,0.26,0.29,0.01,0.00,0.00,0.00,0.00,0.12,0.84,0.25,0.81,0.33,0.37,0.45,0.10
Coldwater 1,5933801,320,NULL,0.52,0.22,0.19,0.73,0.37,0.65,0.29,0.21,0.03,0.00,0.00,0.00,0.00,0.86,0.86,NULL,NULL,0.24,0.37,0.63,0.34
Douglas Lake 3,5933802,150,NULL,0.50,0.27,0.13,0.83,0.41,0.50,0.27,NULL,0.00,0.00,0.00,0.00,0.00,0.97,0.82,NULL,NULL,0.31,0.35,0.60,0.13
Joeyaska 2,5933805,45,NULL,0.44,0.22,0.22,0.89,0.41,0.38,0.35,NULL,0.00,0.00,0.00,0.00,0.00,0.88,0.75,NULL,NULL,0.29,0.71,0.50,0.00
Nicola Lake 1,5933806,125,NULL,0.48,0.12,0.20,0.76,0.45,0.43,0.28,NULL,0.00,0.00,0.00,0.00,0.00,0.96,0.78,NULL,NULL,0.10,0.65,0.52,0.18
Nicola Mameet 1,5933807,535,NULL,0.51,0.19,0.15,0.65,0.35,0.54,0.31,0.26,0.00,0.00,0.00,0.00,0.00,0.93,0.53,NULL,NULL,0.19,0.39,0.55,0.27
Nooaitch 10,5933808,140,NULL,0.57,0.18,0.14,0.66,0.37,0.55,0.3,NULL,0.00,0.00,0.00,0.00,0.00,0.93,0.40,NULL,NULL,0.20,0.55,0.57,0.25
Bonaparte 3,5933812,120,NULL,0.54,0.13,0.13,0.75,0.43,0.45,0.29,NULL,0.00,0.00,0.00,0.00,0.00,0.92,0.78,NULL,NULL,0.30,0.45,0.60,0.00
Canoe Creek 1,5933814,60,0.01,0.67,0.33,0.25,0.75,0.27,0.75,0.3,NULL,0.00,0.00,0.00,0.00,0.00,1.00,0.67,NULL,NULL,0.25,0.25,0.63,0.00
Skeetchestn,5933817,295,NULL,0.53,0.19,0.19,0.73,0.37,0.51,0.29,0.29,0.00,0.00,0.00,0.00,0.00,0.92,0.83,NULL,NULL,0.32,0.34,0.57,0.12
Klickkumcheen 18,5933832,80,0.04,0.56,0.13,0.13,0.78,0.45,0.53,0.23,NULL,0.00,0.00,0.00,0.00,0.00,0.94,0.83,NULL,NULL,0.40,0.33,0.53,0.25
Inkluckcheen,5933833,140,NULL,0.50,0.18,0.14,0.71,0.38,0.50,0.27,NULL,0.00,0.00,0.00,0.00,0.00,0.86,0.67,NULL,NULL,0.32,0.36,0.50,0.27
Kumcheen 1,5933834,45,0.03,0.33,0.11,0.22,0.44,0.41,0.67,0.3,NULL,0.00,0.00,0.00,0.00,0.00,1.00,NULL,NULL,NULL,0.29,0.43,0.33,0.00
Ashcroft 4,5933844,70,NULL,0.43,0.21,0.14,0.82,0.41,0.64,0.22,NULL,0.00,0.00,0.00,0.00,0.00,0.86,0.50,NULL,NULL,0.27,0.36,0.55,0.33
Siska Flat,5933849,90,0.01,0.50,0.28,0.11,0.62,0.32,0.50,0.3,NULL,0.00,0.00,0.00,0.00,0.00,0.78,0.50,NULL,NULL,0.29,0.29,0.43,0.33
Nicomen 1,5933851,65,0.01,0.38,0.23,0.15,0.62,0.30,0.44,0.3,NULL,0.00,0.00,0.00,0.00,0.00,0.92,0.75,NULL,NULL,0.25,0.50,0.67,0.33
Nuuautin 2,5933853,140,0.01,0.50,0.18,0.21,0.62,0.33,0.58,0.33,NULL,0.00,0.00,0.00,0.00,0.00,1.00,0.67,NULL,NULL,0.40,0.20,0.50,0.30
Shackan 11,5933859,65,NULL,0.54,0.15,0.23,0.81,0.44,0.36,0.22,NULL,0.00,0.00,0.00,0.00,0.00,0.92,1.00,NULL,NULL,0.18,0.45,0.46,0.00
Marble Canyon 3,5933872,80,NULL,0.50,0.06,0.38,0.70,0.37,0.54,0.26,NULL,0.00,0.00,0.00,0.00,0.00,1.00,0.33,NULL,NULL,0.31,0.38,0.61,0.25
Stryen 9,5933873,70,NULL,0.50,0.29,0.14,0.57,0.29,0.50,0.43,NULL,0.00,0.00,0.00,0.00,0.00,1.00,0.75,NULL,NULL,0.60,0.20,0.30,0.00
Whispering Pines 4,5933877,60,NULL,0.50,0.17,0.25,0.67,0.37,0.50,0.28,NULL,0.00,0.00,0.00,0.00,0.00,0.83,0.50,NULL,NULL,0.30,0.60,0.90,0.22
Kamloops 1,5933880,3025,NULL,0.48,0.15,0.16,0.82,0.45,0.39,0.26,0.55,0.03,0.01,0.01,0.00,0.00,0.33,0.80,NULL,NULL,0.32,0.55,0.60,0.09
Kanaka Bar,5933882,70,0.01,0.50,0.21,0.21,0.67,0.34,0.60,0.37,NULL,0.00,0.00,0.00,0.00,0.00,1.00,1.00,NULL,NULL,0.36,0.36,0.64,0.43
Sahhaltkum 4,5933884,305,NULL,0.54,0.11,0.25,0.63,0.36,0.51,0.29,0.31,0.05,0.00,0.00,0.00,0.00,0.90,0.82,NULL,NULL,0.24,0.54,0.62,0.21
North Thompson 1,5933887,220,NULL,0.52,0.16,0.23,0.75,0.39,0.47,0.28,NULL,0.00,0.00,0.00,0.00,0.00,0.91,0.82,NULL,NULL,0.32,0.44,0.71,0.20
Neskonlith,5933898,235,NULL,0.51,0.19,0.23,0.64,0.31,0.48,0.31,NULL,0.00,0.00,0.00,0.00,0.00,0.96,0.67,NULL,NULL,0.24,0.48,0.61,0.15
Kelowna,5935010,127380,0.06,0.48,0.20,0.18,0.60,0.43,0.43,0.27,0.45,0.03,0.02,0.03,0.01,0.01,0.06,0.68,0.53,1.17,0.31,0.55,0.65,0.07
Central Okanagan,5935012,3825,NULL,0.51,0.15,0.17,0.82,0.46,0.31,0.27,0.43,0.01,0.00,0.02,0.00,0.00,0.07,0.89,0.58,1.25,0.21,0.52,0.64,0.08
Lake Country,5935016,12920,0.01,0.50,0.17,0.19,0.62,0.42,0.35,0.27,0.48,0.02,0.01,0.01,0.00,0.01,0.07,0.78,0.60,1.08,0.31,0.55,0.68,0.07
Peachland,5935018,5430,0.03,0.49,0.11,0.14,0.55,0.51,0.29,0.24,0.40,0.01,0.01,0.01,0.00,0.00,0.06,0.86,0.50,1.12,0.17,0.57,0.51,0.09
Central Okanagan J,5935020,1985,NULL,0.51,0.12,0.18,0.62,0.48,0.28,0.25,0.42,0.01,0.01,0.00,0.01,0.01,0.06,0.92,0.55,1.29,0.27,0.45,0.58,0.15
West Kelowna,5935029,32655,0.03,0.49,0.15,0.19,0.78,0.43,0.33,0.28,0.47,0.02,0.01,0.01,0.00,0.01,0.07,0.84,0.54,1.33,0.32,0.54,0.64,0.06
Duck Lake 7,5935801,1660,0.08,0.45,0.11,0.13,0.88,0.52,0.39,0.24,0.31,0.00,0.02,0.01,0.02,0.00,0.06,0.92,NULL,NULL,0.38,0.41,0.57,0.09
Tsinstikeptum 9,5935802,7610,0.11,0.46,0.13,0.14,0.52,0.51,0.42,0.24,0.33,0.01,0.00,0.00,0.00,0.00,0.17,0.81,NULL,NULL,0.33,0.47,0.50,0.08
Tsinstikeptum 10,5935803,1415,0.04,0.48,0.15,0.17,0.81,0.45,0.37,0.26,0.38,0.03,0.04,0.01,0.01,0.01,0.11,0.85,NULL,NULL,0.34,0.46,0.62,0.10
Lumby,5937005,1835,0.03,0.50,0.16,0.16,0.60,0.42,0.37,0.28,0.37,0.01,0.01,0.00,0.00,0.00,0.08,0.72,0.31,0.82,0.32,0.43,0.58,0.11
Coldstream,5937010,10645,0.02,0.49,0.12,0.18,0.58,0.44,0.32,0.29,0.51,0.02,0.01,0.01,0.00,0.00,0.05,0.90,0.58,1.16,0.28,0.59,0.63,0.07
Vernon,5937014,40120,0.04,0.47,0.16,0.17,0.78,0.46,0.45,0.27,0.38,0.02,0.01,0.02,0.00,0.00,0.08,0.69,0.40,1.00,0.19,0.50,0.57,0.08
North Okanagan B,5937017,3200,NULL,0.52,0.13,0.16,0.59,0.45,0.35,0.27,0.37,0.00,0.00,0.01,0.00,0.00,0.05,0.85,0.47,0.92,0.30,0.52,0.63,0.06
North Okanagan C,5937021,3870,NULL,0.51,0.14,0.19,0.61,0.44,0.32,0.27,0.47,0.01,0.00,0.00,0.00,0.00,0.06,0.85,0.56,1.04,0.28,0.58,0.63,0.06
North Okanagan D,5937022,2670,NULL,0.51,0.12,0.18,0.80,0.45,0.32,0.26,0.37,0.02,0.01,0.00,0.00,0.00,0.13,0.86,0.38,0.84,0.30,0.35,0.60,0.09
North Okanagan E,5937023,1010,NULL,0.53,0.10,0.17,0.64,0.45,0.38,0.27,0.28,0.01,0.01,0.00,0.01,0.00,0.07,0.78,0.32,0.81,0.33,0.43,0.50,0.18
Spallumcheen,5937024,5110,NULL,0.50,0.13,0.16,0.59,0.44,0.32,0.28,0.36,0.01,0.01,0.00,0.00,0.00,0.05,0.81,0.48,0.95,0.19,0.50,0.64,0.08
Armstrong,5937028,5115,0.10,0.47,0.15,0.16,0.54,0.46,0.40,0.27,0.35,0.03,0.01,0.01,0.00,0.00,0.09,0.80,0.35,1.01,0.23,0.45,0.56,0.07
Enderby,5937033,2965,0.07,0.48,0.14,0.13,0.81,0.48,0.41,0.26,0.29,0.01,0.00,0.00,0.00,0.01,0.10,0.75,0.29,0.74,0.31,0.29,0.51,0.10
North Okanagan F,5937041,4000,NULL,0.51,0.14,0.16,0.81,0.46,0.33,0.26,0.35,0.00,0.01,0.00,0.00,0.00,0.11,0.82,0.43,0.75,0.21,0.50,0.64,0.09
Enderby 2,5937802,315,NULL,0.49,0.14,0.17,0.67,0.38,0.51,0.29,0.23,0.05,0.00,0.00,0.00,0.00,0.83,0.52,NULL,NULL,0.27,0.29,0.52,0.27
Priest's Valley 6,5937803,630,0.18,0.48,0.08,0.09,0.52,0.60,0.40,0.22,0.27,0.00,0.00,0.00,0.00,0.03,0.07,0.97,NULL,NULL,0.10,0.18,0.36,0.06
Golden,5939007,3710,0.03,0.50,0.20,0.22,0.65,0.41,0.43,0.27,0.40,0.04,0.01,0.03,0.00,0.00,0.11,0.73,0.28,0.93,0.31,0.50,0.69,0.09
Columbia-Shuswap A,5939011,3150,NULL,0.52,0.16,0.22,0.68,0.43,0.34,0.26,0.43,0.00,0.00,0.00,0.01,0.00,0.11,0.80,0.38,0.87,0.30,0.54,0.73,0.13
Revelstoke,5939019,7545,0.02,0.51,0.22,0.22,0.66,0.40,0.41,0.27,0.42,0.02,0.01,0.01,0.00,0.00,0.07,0.73,0.36,1.01,0.29,0.56,0.70,0.09
Columbia-Shuswap B,5939023,595,NULL,0.52,0.18,0.18,0.86,0.45,0.36,0.26,0.34,0.02,0.03,0.00,0.00,0.00,0.06,0.87,0.55,1.19,0.28,0.57,0.68,0.06
Salmon Arm,5939032,17705,0.01,0.47,0.14,0.16,0.53,0.47,0.40,0.27,0.41,0.01,0.01,0.01,0.01,0.00,0.08,0.77,0.38,0.93,0.30,0.53,0.57,0.06
Columbia-Shuswap C,5939037,7920,NULL,0.50,0.09,0.12,0.53,0.51,0.26,0.25,0.37,0.01,0.00,0.00,0.00,0.00,0.06,0.89,0.43,1.00,0.29,0.53,0.48,0.12
Columbia-Shuswap D,5939039,4045,NULL,0.51,0.14,0.16,0.80,0.44,0.33,0.27,0.35,0.00,0.00,0.00,0.00,0.00,0.09,0.80,0.37,0.74,0.21,0.44,0.58,0.09
Columbia-Shuswap E,5939043,1185,NULL,0.54,0.11,0.16,0.62,0.48,0.35,0.25,0.35,0.01,0.01,0.00,0.02,0.00,0.08,0.80,0.33,0.93,0.27,0.49,0.61,0.11
Columbia-Shuswap F,5939044,2455,NULL,0.51,0.07,0.10,0.90,0.55,0.29,0.23,0.35,0.00,0.01,0.01,0.00,0.00,0.04,0.91,0.47,0.73,0.30,0.30,0.43,0.10
Sicamous,5939045,2425,0.02,0.49,0.11,0.13,0.86,0.51,0.37,0.24,0.39,0.00,0.00,0.01,0.00,0.00,0.10,0.79,0.32,0.84,0.31,0.46,0.56,0.13
Chum Creek 2,5939801,40,NULL,0.63,0.00,0.13,1.25,0.51,0.63,0.25,NULL,0.00,0.00,0.00,0.00,0.00,0.33,0.80,NULL,NULL,0.50,0.38,0.75,0.33
North Bay 5,5939803,50,NULL,0.40,0.00,0.10,0.80,0.51,0.50,0.27,NULL,0.00,0.00,0.00,0.00,0.00,0.70,0.80,NULL,NULL,0.33,0.33,0.56,0.00
Okanagan (Part) 1,5939804,75,NULL,0.47,0.13,0.20,0.96,0.48,0.62,0.28,NULL,0.00,0.00,0.00,0.00,0.00,0.87,0.71,NULL,NULL,0.15,0.62,0.50,0.00
Quaaout 1,5939805,170,NULL,0.53,0.21,0.12,0.82,0.44,0.38,0.25,NULL,0.00,0.00,0.00,0.00,0.00,0.65,0.53,NULL,NULL,0.31,0.52,0.62,0.00
Switsemalph 3,5939808,75,NULL,0.53,0.20,0.07,0.56,0.37,0.58,0.28,NULL,0.00,0.00,0.00,0.00,0.00,0.86,0.75,NULL,NULL,0.36,0.36,0.82,0.33
Switsemalph,5939811,125,NULL,0.48,0.12,0.12,0.84,0.48,0.50,0.27,NULL,0.00,0.08,0.00,0.00,0.00,0.52,1.00,NULL,NULL,0.38,0.43,0.48,0.00
One Hundred Mile House,5941005,1980,NULL,0.47,0.16,0.13,0.81,0.47,0.52,0.26,0.33,0.02,0.01,0.04,0.00,0.01,0.14,0.57,0.21,0.70,0.34,0.33,0.50,0.11
Williams Lake,5941009,10755,0.03,0.50,0.20,0.18,0.61,0.42,0.45,0.28,0.42,0.01,0.01,0.04,0.00,0.00,0.21,0.62,0.24,0.86,0.35,0.40,0.65,0.08
Cariboo D,5941010,2930,NULL,0.51,0.15,0.20,0.65,0.42,0.36,0.27,0.42,0.00,0.00,0.01,0.00,0.00,0.21,0.84,0.24,0.92,0.36,0.30,0.66,0.10
Cariboo E,5941012,4060,NULL,0.52,0.16,0.18,0.78,0.42,0.31,0.27,0.45,0.01,0.00,0.00,0.01,0.00,0.14,0.90,0.26,0.73,0.21,0.45,0.67,0.08
Quesnel,5941013,9875,0.03,0.49,0.17,0.18,0.58,0.42,0.45,0.28,0.42,0.02,0.01,0.05,0.00,0.00,0.16,0.63,0.21,0.74,0.33,0.39,0.58,0.11
Cariboo F,5941014,4555,NULL,0.52,0.12,0.17,0.79,0.45,0.30,0.27,0.41,0.01,0.01,0.00,0.00,0.00,0.11,0.90,0.33,0.63,0.20,0.50,0.64,0.08
Cariboo G,5941015,5155,NULL,0.51,0.11,0.14,0.55,0.48,0.32,0.26,0.36,0.02,0.01,0.00,0.00,0.00,0.09,0.85,0.29,0.86,0.19,0.45,0.56,0.09
Cariboo H,5941016,1785,NULL,0.52,0.11,0.14,0.85,0.50,0.33,0.25,0.33,0.02,0.00,0.00,0.00,0.01,0.11,0.86,0.28,0.79,0.34,0.40,0.47,0.15
Cariboo L,5941017,4205,NULL,0.51,0.07,0.14,0.55,0.52,0.29,0.24,0.33,0.01,0.00,0.00,0.00,0.00,0.09,0.92,0.35,0.86,0.20,0.47,0.51,0.11
Cariboo A,5941019,6265,NULL,0.51,0.16,0.18,0.62,0.43,0.34,0.27,0.43,0.01,0.00,0.00,0.00,0.00,0.11,0.88,0.24,0.77,0.34,0.43,0.64,0.08
Cariboo B,5941021,3840,NULL,0.52,0.13,0.20,0.79,0.44,0.34,0.27,0.43,0.01,0.01,0.00,0.00,0.00,0.12,0.88,0.24,0.73,0.24,0.41,0.60,0.12
Wells,5941025,220,NULL,0.50,0.20,0.14,0.84,0.44,0.42,0.24,NULL,0.00,0.00,0.00,0.00,0.00,0.07,0.70,0.19,0.61,0.29,0.45,0.66,0.15
Cariboo C,5941026,1225,NULL,0.53,0.16,0.16,0.68,0.44,0.36,0.26,0.38,0.00,0.00,0.00,0.00,0.00,0.15,0.84,0.17,0.74,0.30,0.35,0.60,0.11
Cariboo I,5941027,1440,NULL,0.52,0.12,0.16,0.65,0.46,0.35,0.26,0.36,0.01,0.00,0.01,0.01,0.00,0.11,0.91,0.22,0.65,0.28,0.42,0.60,0.11
Cariboo J,5941039,645,NULL,0.53,0.11,0.15,0.64,0.51,0.36,0.24,0.40,0.01,0.00,0.00,0.00,0.00,0.15,0.82,0.24,0.48,0.30,0.50,0.57,0.21
Cariboo K,5941041,395,NULL,0.53,0.16,0.16,0.81,0.44,0.34,0.29,0.32,0.00,0.00,0.00,0.00,0.00,0.34,0.77,0.20,0.58,0.30,0.39,0.64,0.05
Alkali Lake 1,5941801,330,0.01,0.55,0.20,0.21,0.73,0.38,0.56,0.28,0.19,0.00,0.00,0.00,0.00,0.00,0.98,0.30,NULL,NULL,0.19,0.37,0.65,0.33
Canim Lake 1,5941802,225,NULL,0.56,0.22,0.24,0.71,0.35,0.63,0.28,NULL,0.00,0.00,0.00,0.00,0.00,0.98,0.13,NULL,NULL,0.33,0.42,0.61,0.23
Deep Creek 2,5941805,90,NULL,0.50,0.11,0.22,0.80,0.43,0.57,0.28,NULL,0.00,0.00,0.00,0.00,0.00,0.94,0.44,NULL,NULL,0.20,0.60,0.79,0.18
Dog Creek 1,5941806,80,0.01,0.56,0.19,0.13,0.66,0.38,0.58,0.32,NULL,0.00,0.00,0.00,0.00,0.00,0.88,0.67,NULL,NULL,0.25,0.33,0.58,0.00
Lohbiee 3,5941808,90,NULL,0.50,0.22,0.22,0.86,0.42,0.33,0.27,NULL,0.00,0.00,0.00,0.00,0.00,1.00,NULL,NULL,NULL,0.00,0.53,0.67,0.50
Quesnel 1,5941809,105,NULL,0.48,0.24,0.24,0.71,0.37,0.59,0.25,NULL,0.00,0.00,0.00,0.00,0.00,0.90,0.33,NULL,NULL,0.19,0.25,0.56,0.33
Soda Creek 1,5941810,60,NULL,0.67,0.25,0.17,0.89,0.38,0.60,0.28,NULL,0.00,0.00,0.00,0.00,0.00,1.00,0.67,NULL,NULL,0.30,0.30,0.50,0.40
Williams Lake 1,5941812,190,NULL,0.53,0.18,0.18,0.68,0.36,0.54,0.3,NULL,0.00,0.00,0.00,0.00,0.00,0.97,0.80,NULL,NULL,0.39,0.36,0.61,0.18
Anahim's Flat 1,5941821,345,NULL,0.57,0.20,0.16,0.77,0.42,0.56,0.28,0.21,0.00,0.00,0.00,0.00,0.03,1.00,0.48,NULL,NULL,0.20,0.14,0.47,0.36
Nazco 20,5941837,90,NULL,0.56,0.17,0.17,0.56,0.34,0.62,0.35,NULL,0.00,0.00,0.00,0.00,0.00,1.00,NULL,NULL,NULL,0.23,0.15,0.54,0.43
Redstone Flat 1,5941839,195,0.01,0.51,0.15,0.23,0.69,0.36,0.47,0.33,NULL,0.05,0.00,0.00,0.00,0.00,0.95,0.46,NULL,NULL,0.16,0.16,0.47,0.29
Squinas 2,5941840,130,NULL,0.54,0.23,0.27,0.85,0.41,0.68,0.31,NULL,0.00,0.00,0.00,0.00,0.00,0.96,0.50,NULL,NULL,0.23,0.09,0.50,0.46
Stone 1,5941841,185,NULL,0.54,0.19,0.24,0.73,0.36,0.55,0.34,NULL,0.00,0.00,0.00,0.00,0.00,1.00,0.70,NULL,NULL,0.23,0.23,0.38,0.46
Toosey 1,5941850,105,NULL,0.52,0.19,0.24,0.76,0.37,0.65,0.28,NULL,0.00,0.00,0.00,0.00,0.00,1.05,0.25,NULL,NULL,0.24,0.24,0.56,0.30
Ulkatcho 14A,5941880,155,0.01,0.55,0.13,0.29,0.77,0.39,0.44,0.25,NULL,0.00,0.00,0.00,0.00,0.00,0.97,0.45,NULL,NULL,0.20,0.20,0.68,0.59
Port McNeill,5943012,2335,0.02,0.52,0.18,0.20,0.64,0.39,0.35,0.28,0.48,0.02,0.03,0.00,0.02,0.01,0.13,0.67,0.21,0.71,0.30,0.44,0.74,0.06
Port Alice,5943017,665,0.01,0.56,0.14,0.15,0.69,0.48,0.34,0.24,0.42,0.02,0.02,0.00,0.00,0.02,0.06,0.82,0.15,0.62,0.39,0.45,0.55,0.30
Port Hardy,5943023,4130,0.01,0.52,0.17,0.19,0.75,0.40,0.44,0.28,0.39,0.03,0.01,0.00,0.01,0.00,0.26,0.62,0.20,0.73,0.30,0.41,0.65,0.09
Mount Waddington B,5943027,60,NULL,0.67,0.25,0.17,1.30,0.53,0.50,0.17,NULL,NULL,NULL,NULL,NULL,NULL,NULL,NULL,NULL,NULL,NULL,NULL,NULL,NULL
Mount Waddington C,5943031,750,NULL,0.53,0.13,0.14,0.65,0.46,0.29,0.26,0.49,0.01,0.01,0.00,0.00,0.00,0.08,0.88,0.38,0.84,0.28,0.55,0.69,0.08
Mount Waddington D,5943033,225,NULL,0.56,0.09,0.16,0.89,0.49,0.32,0.25,NULL,0.00,0.00,0.00,0.00,0.00,0.10,0.86,0.15,0.00,0.37,0.34,0.60,0.00
Mount Waddington A,5943037,885,NULL,0.49,0.08,0.14,0.62,0.50,0.40,0.24,0.28,0.02,0.00,0.00,0.00,0.01,0.28,0.82,0.32,0.67,0.27,0.48,0.55,0.15
Tsulquate 4,5943806,430,0.07,0.52,0.20,0.13,0.49,0.29,0.49,0.36,0.23,0.00,0.00,0.00,0.00,0.00,0.99,0.43,NULL,NULL,0.23,0.11,0.48,0.30
Quaee 7,5943813,75,NULL,0.60,0.40,0.13,0.89,0.34,0.73,0.3,NULL,0.00,0.00,0.00,0.00,0.00,0.94,0.43,NULL,NULL,0.18,0.45,0.73,0.00
Kippase 2,5943815,230,0.16,0.50,0.22,0.13,0.72,0.37,0.53,0.27,NULL,0.00,0.00,0.00,0.00,0.00,0.96,0.81,NULL,NULL,0.19,0.39,0.67,0.17
Quatsino Subdivision 18,5943816,220,0.09,0.50,0.23,0.23,0.62,0.32,0.39,0.32,NULL,0.00,0.00,0.00,0.00,0.00,0.95,0.64,NULL,NULL,0.18,0.21,0.58,0.10
Alert Bay,5943837,465,0.02,0.48,0.13,0.18,0.77,0.43,0.55,0.28,0.24,0.00,0.00,0.00,0.00,0.00,0.97,0.55,NULL,NULL,0.10,0.36,0.36,0.15
Central Coast A,5945006,200,NULL,0.60,0.15,0.17,0.93,0.48,0.39,0.22,NULL,0.00,0.05,0.00,0.00,0.00,0.13,0.67,0.23,0.42,0.39,0.50,0.67,0.00
Central Coast C,5945010,655,NULL,0.52,0.15,0.14,0.60,0.46,0.33,0.25,0.37,0.02,0.00,0.00,0.00,0.00,0.12,0.77,0.24,0.67,0.38,0.57,0.64,0.10
Central Coast D,5945012,400,NULL,0.54,0.10,0.15,0.78,0.46,0.33,0.28,0.41,0.03,0.00,0.00,0.03,0.00,0.13,0.85,0.25,0.79,0.26,0.62,0.61,0.00
Central Coast E,5945014,150,NULL,0.40,0.13,0.23,0.70,0.41,0.65,0.3,NULL,0.04,0.00,0.00,0.00,0.00,0.46,0.40,0.11,0.42,0.33,0.42,0.63,0.00
Bella Bella 1,5945801,1020,0.02,0.52,0.21,0.19,0.73,0.38,0.46,0.3,0.26,0.01,0.01,0.00,0.00,0.00,0.92,0.55,NULL,NULL,0.24,0.33,0.56,0.14
Bella Coola 1,5945802,810,0.01,0.51,0.19,0.16,0.63,0.33,0.54,0.31,0.20,0.01,0.00,0.01,0.00,0.00,0.97,0.63,NULL,NULL,0.17,0.31,0.45,0.27
Port Edward,5947007,465,NULL,0.53,0.14,0.17,0.74,0.41,0.42,0.29,0.39,0.03,0.05,0.00,0.00,0.00,0.38,0.73,0.51,0.67,0.22,0.34,0.67,0.07
Prince Rupert,5947012,12220,0.02,0.51,0.19,0.19,0.61,0.40,0.45,0.28,0.45,0.03,0.05,0.03,0.01,0.00,0.35,0.60,0.30,0.86,0.32,0.42,0.68,0.13
Skeena-Queen Charlotte A,5947016,40,NULL,0.63,0.13,0.13,1.50,0.59,0.38,0.2,NULL,0.00,0.00,0.00,0.00,0.00,0.25,0.80,0.37,0.00,0.25,0.63,0.50,0.00
Skeena-Queen Charlotte C,5947021,70,NULL,0.57,0.14,0.14,0.81,0.44,0.27,0.24,NULL,0.00,0.00,0.00,0.00,0.00,0.76,0.89,0.33,0.00,0.27,0.32,0.52,0.18
Masset,5947023,795,NULL,0.51,0.14,0.18,0.61,0.43,0.42,0.27,0.35,0.01,0.01,0.00,0.01,0.00,0.43,0.70,0.13,0.78,0.28,0.52,0.62,0.04
Queen Charlotte,5947026,855,NULL,0.49,0.16,0.18,0.64,0.44,0.40,0.27,0.44,0.03,0.03,0.01,0.01,0.00,0.16,0.66,0.21,0.71,0.13,0.60,0.73,0.08
Skeena-Queen Charlotte D,5947027,540,NULL,0.50,0.10,0.24,0.78,0.43,0.41,0.27,0.42,0.00,0.00,0.02,0.00,0.00,0.25,0.74,0.28,0.74,0.23,0.47,0.66,0.06
Port Clements,5947030,280,NULL,0.52,0.14,0.18,0.89,0.48,0.46,0.24,0.41,0.01,0.03,0.00,0.00,0.00,0.18,0.82,0.21,0.00,0.24,0.50,0.74,0.09
Skeena-Queen Charlotte E,5947032,340,NULL,0.53,0.15,0.18,0.82,0.47,0.42,0.25,0.38,0.02,0.00,0.00,0.00,0.00,0.13,0.79,0.14,0.88,0.36,0.31,0.64,0.14
Masset 1,5947803,555,0.02,0.54,0.18,0.20,0.77,0.40,0.59,0.28,0.20,0.00,0.00,0.00,0.00,0.00,0.96,0.80,NULL,NULL,0.19,0.19,0.63,0.19
Skidegate 1,5947804,840,0.02,0.47,0.18,0.18,0.62,0.39,0.45,0.29,0.31,0.01,0.00,0.01,0.00,0.00,0.85,0.81,NULL,NULL,0.27,0.38,0.69,0.12
Kulkayu (Hartley Bay) 4,5947806,50,NULL,0.60,0.20,0.30,0.70,0.33,0.50,0.33,NULL,0.00,0.00,0.00,0.00,0.00,0.91,0.67,NULL,NULL,0.38,0.25,0.63,0.40
Dolphin Island 1,5947807,355,NULL,0.49,0.23,0.15,0.60,0.34,0.49,0.33,0.20,0.00,0.00,0.00,0.00,0.00,0.97,0.50,NULL,NULL,0.23,0.12,0.41,0.38
Lax Kw'alaams 1,5947809,645,NULL,0.52,0.16,0.17,0.67,0.37,0.53,0.31,0.18,0.00,0.00,0.00,0.00,0.00,0.97,0.80,NULL,NULL,0.18,0.19,0.56,0.28
S1/2 Tsimpsean 2,5947810,85,NULL,0.47,0.06,0.18,0.57,0.36,0.42,0.38,NULL,0.00,0.00,0.00,0.00,0.00,1.00,0.67,NULL,NULL,0.25,0.25,0.42,0.00
Kitimat,5949005,8130,NULL,0.52,0.18,0.19,0.63,0.41,0.38,0.28,0.57,0.02,0.01,0.02,0.01,0.01,0.12,0.80,0.29,1.04,0.32,0.48,0.63,0.13
Terrace,5949011,11640,0.02,0.50,0.20,0.20,0.62,0.39,0.42,0.29,0.45,0.01,0.02,0.03,0.01,0.01,0.22,0.69,0.33,0.91,0.28,0.51,0.68,0.09
Kitimat-Stikine C (Part 1),5949013,2835,NULL,0.51,0.14,0.20,0.63,0.42,0.31,0.28,0.46,0.00,0.01,0.00,0.01,0.00,0.16,0.87,0.40,0.89,0.26,0.39,0.71,0.10
Kitimat-Stikine E,5949018,3995,0.02,0.52,0.21,0.19,0.77,0.40,0.44,0.28,0.41,0.01,0.01,0.01,0.00,0.00,0.20,0.75,0.24,0.95,0.21,0.44,0.71,0.14
Hazelton,5949022,310,0.01,0.50,0.10,0.18,0.77,0.45,0.48,0.28,NULL,0.00,0.00,0.00,0.00,0.00,0.51,0.63,0.18,0.61,0.19,0.47,0.66,0.09
New Hazelton,5949024,580,NULL,0.48,0.16,0.16,0.61,0.43,0.43,0.26,0.41,0.11,0.02,0.00,0.00,0.00,0.27,0.74,0.16,0.67,0.26,0.36,0.57,0.22
Kitimat-Stikine B,5949028,1475,NULL,0.50,0.12,0.17,0.66,0.45,0.37,0.27,0.36,0.01,0.00,0.00,0.01,0.01,0.25,0.83,0.22,0.60,0.25,0.52,0.58,0.12
Stewart,5949032,405,NULL,0.52,0.14,0.22,0.80,0.44,0.37,0.27,0.44,0.02,0.00,0.00,0.00,0.00,0.21,0.84,0.17,0.83,0.49,0.22,0.64,0.09
Nisga'a,5949035,1880,NULL,0.53,0.19,0.18,0.70,0.37,0.45,0.31,0.30,0.00,0.00,0.00,0.00,0.00,0.95,0.69,NULL,NULL,0.29,0.35,0.59,0.29
Kitimat-Stikine F,5949038,360,NULL,0.49,0.19,0.19,0.74,0.39,0.37,0.29,0.53,0.00,0.03,0.03,0.00,0.00,0.36,0.48,0.29,0.69,0.30,0.48,0.72,0.10
Kitimat-Stikine D,5949041,100,NULL,0.45,0.15,0.10,0.70,0.43,0.40,0.32,NULL,0.00,0.00,0.00,0.00,0.00,0.32,0.88,0.56,0.00,0.21,0.43,0.60,0.22
Kitasoo 1,5949802,295,0.01,0.51,0.29,0.15,0.68,0.35,0.40,0.31,0.20,0.03,0.00,0.00,0.03,0.00,0.98,0.50,NULL,NULL,0.24,0.13,0.67,0.10
Kitamaat 2,5949803,525,0.03,0.54,0.18,0.16,0.78,0.43,0.65,0.3,0.36,0.00,0.00,0.00,0.00,0.00,0.97,0.78,NULL,NULL,0.20,0.31,0.41,0.16
Kitsumkaylum 1,5949804,335,0.01,0.52,0.19,0.16,0.70,0.38,0.51,0.29,0.27,0.03,0.03,0.00,0.00,0.00,0.98,0.86,NULL,NULL,0.26,0.36,0.64,0.18
Kulspai 6,5949807,90,0.12,0.39,0.17,0.17,0.75,0.41,0.53,0.28,NULL,0.00,0.00,0.00,0.00,0.00,0.89,0.80,NULL,NULL,0.27,0.40,0.60,0.44
Coryatsaqua (Moricetown) 2,5949810,85,0.01,0.53,0.24,0.29,0.80,0.40,0.47,0.26,NULL,0.00,0.00,0.00,0.00,0.00,1.00,0.63,NULL,NULL,0.33,0.47,0.67,0.20
Hagwilget 1,5949811,195,0.02,0.54,0.13,0.21,0.72,0.40,0.66,0.27,NULL,0.00,0.00,0.00,0.00,0.00,1.00,0.75,NULL,NULL,0.17,0.50,0.57,0.29
Gitanmaax 1,5949812,630,0.01,0.53,0.17,0.17,0.73,0.39,0.51,0.3,0.26,0.02,0.00,0.00,0.00,0.00,0.97,0.82,NULL,NULL,0.17,0.50,0.60,0.23
Kispiox 1,5949813,600,NULL,0.53,0.20,0.16,0.67,0.36,0.49,0.3,0.23,0.02,0.00,0.00,0.00,0.00,0.97,0.68,NULL,NULL,0.18,0.49,0.56,0.30
Gitsegukla 1,5949814,430,NULL,0.48,0.14,0.19,0.57,0.35,0.51,0.33,0.19,0.00,0.00,0.00,0.00,0.00,0.98,0.71,NULL,NULL,0.19,0.27,0.33,0.43
Gitanyow 1,5949815,435,0.01,0.52,0.24,0.20,0.63,0.34,0.45,0.32,0.18,0.00,0.00,0.00,0.00,0.00,0.99,0.62,NULL,NULL,0.18,0.26,0.52,0.44
Gitwangak 1,5949816,430,NULL,0.55,0.20,0.21,0.72,0.37,0.52,0.3,0.21,0.05,0.00,0.00,0.00,0.00,0.98,0.46,NULL,NULL,0.21,0.43,0.48,0.34
Moricetown 1,5949817,305,0.01,0.52,0.23,0.16,0.67,0.36,0.69,0.29,0.23,0.00,0.00,0.00,0.00,0.03,0.97,0.70,NULL,NULL,0.29,0.20,0.58,0.25
Sik-e-dakh 2,5949818,235,0.01,0.62,0.21,0.21,0.72,0.35,0.50,0.29,NULL,0.00,0.00,0.00,0.00,0.00,0.98,0.71,NULL,NULL,0.17,0.50,0.51,0.33
Babine 17,5949819,110,0.01,0.55,0.23,0.23,0.72,0.38,0.61,0.27,NULL,0.00,0.00,0.00,0.00,0.00,1.00,0.63,NULL,NULL,0.28,0.22,0.56,0.20
Bulkley River 19,5949820,130,0.01,0.54,0.19,0.27,0.56,0.27,0.59,0.37,NULL,0.00,0.00,0.00,0.00,0.00,1.00,0.43,NULL,NULL,0.18,0.24,0.56,0.00
Iskut 6,5949832,295,0.05,0.56,0.22,0.19,0.62,0.33,0.47,0.34,0.34,0.00,0.00,0.00,0.00,0.00,0.97,0.40,NULL,NULL,0.20,0.23,0.70,0.35
Guhthe Tah 12,5949843,150,0.05,0.47,0.17,0.13,0.77,0.42,0.33,0.28,NULL,0.07,0.00,0.00,0.00,0.00,0.97,0.55,NULL,NULL,0.24,0.20,0.68,0.29
Kitselas 1,5949844,270,0.01,0.48,0.24,0.19,0.57,0.28,0.44,0.38,0.26,0.00,0.00,0.00,0.00,0.00,0.98,0.53,NULL,NULL,0.24,0.35,0.59,0.15
Dease Lake 9,5949845,55,0.01,0.55,0.18,0.09,0.71,0.34,0.43,0.33,NULL,0.00,0.00,0.00,0.00,0.00,0.91,NULL,NULL,NULL,0.29,0.43,0.71,0.80
Telegraph Creek,5949847,50,NULL,0.80,0.20,0.20,1.00,0.42,0.38,0.4,NULL,0.00,0.00,0.00,0.00,0.00,1.00,0.75,NULL,NULL,0.22,0.33,0.75,0.50
Vanderhoof,5951007,4440,0.01,0.50,0.19,0.18,0.60,0.39,0.38,0.29,0.45,0.01,0.02,0.01,0.00,0.00,0.13,0.72,0.27,0.78,0.23,0.41,0.71,0.08
Fraser Lake,5951009,985,0.02,0.54,0.19,0.16,0.63,0.41,0.40,0.28,0.48,0.01,0.02,0.01,0.00,0.00,0.22,0.73,0.19,0.81,0.36,0.41,0.64,0.18
Fort St. James,5951013,1600,0.01,0.50,0.18,0.21,0.62,0.38,0.44,0.29,0.51,0.02,0.02,0.04,0.01,0.01,0.29,0.72,0.20,1.00,0.32,0.45,0.74,0.11
Bulkley-Nechako C,5951015,1415,NULL,0.53,0.12,0.18,0.63,0.44,0.33,0.27,0.58,0.01,0.01,0.00,0.00,0.01,0.14,0.86,0.27,0.72,0.33,0.43,0.72,0.14
Bulkley-Nechako D,5951017,1470,NULL,0.52,0.13,0.14,0.62,0.46,0.34,0.26,0.45,0.00,0.00,0.01,0.00,0.00,0.15,0.88,0.20,0.70,0.31,0.40,0.58,0.10
Bulkley-Nechako F,5951019,3665,NULL,0.52,0.15,0.16,0.72,0.39,0.29,0.3,0.43,0.01,0.01,0.00,0.00,0.01,0.10,0.88,0.26,0.79,0.34,0.32,0.68,0.13
Burns Lake,5951022,1780,0.03,0.49,0.21,0.19,0.59,0.39,0.45,0.3,0.39,0.03,0.02,0.00,0.00,0.01,0.32,0.60,0.17,0.78,0.29,0.48,0.64,0.13
Bulkley-Nechako B,5951028,1940,NULL,0.52,0.14,0.19,0.62,0.42,0.34,0.28,0.44,0.01,0.00,0.00,0.01,0.00,0.12,0.91,0.20,0.73,0.34,0.40,0.62,0.12
Bulkley-Nechako E,5951031,1595,NULL,0.51,0.13,0.14,0.56,0.42,0.32,0.29,0.38,0.01,0.02,0.00,0.00,0.00,0.13,0.88,0.24,0.61,0.23,0.53,0.62,0.15
Granisle,5951032,300,NULL,0.55,0.07,0.07,0.60,0.60,0.36,0.22,0.29,0.00,0.03,0.00,0.03,0.00,0.13,0.92,0.10,0.00,0.32,0.30,0.33,0.20
Houston,5951034,2995,NULL,0.52,0.17,0.17,0.61,0.39,0.35,0.28,0.49,0.02,0.01,0.02,0.02,0.00,0.18,0.72,0.19,0.73,0.34,0.42,0.69,0.12
Telkwa,5951038,1330,0.02,0.53,0.18,0.21,0.61,0.36,0.30,0.3,0.44,0.00,0.00,0.00,0.00,0.00,0.11,0.90,0.27,1.09,0.26,0.54,0.72,0.10
Smithers,5951043,5405,0.04,0.49,0.20,0.20,0.75,0.40,0.44,0.29,0.44,0.03,0.02,0.01,0.01,0.00,0.10,0.69,0.28,0.89,0.18,0.52,0.69,0.09
Bulkley-Nechako A,5951051,5255,NULL,0.51,0.15,0.19,0.62,0.40,0.31,0.29,0.47,0.01,0.01,0.00,0.00,0.00,0.08,0.89,0.39,0.78,0.20,0.52,0.72,0.09
Bulkley-Nechako G,5951053,900,NULL,0.51,0.13,0.18,0.63,0.44,0.29,0.27,0.47,0.01,0.00,0.00,0.00,0.00,0.13,0.84,0.16,0.70,0.35,0.43,0.70,0.17
Ye Koo Che 3,5951801,90,NULL,0.50,0.28,0.17,0.56,0.26,0.55,0.35,NULL,0.00,0.00,0.00,0.00,0.00,1.00,NULL,NULL,NULL,0.18,0.18,0.64,0.43
Nautley (Fort Fraser) 1,5951802,195,NULL,0.54,0.23,0.26,0.74,0.36,0.48,0.29,NULL,0.00,0.00,0.00,0.00,0.00,0.87,0.64,NULL,NULL,0.42,0.35,0.68,0.29
Nak'azdli (Necoslie 1),5951803,550,0.02,0.53,0.23,0.22,0.64,0.35,0.58,0.3,0.28,0.00,0.00,0.00,0.00,0.00,0.99,0.63,NULL,NULL,0.16,0.28,0.63,0.32
Binche 2 (Pinchie 2),5951805,185,NULL,0.54,0.22,0.19,0.60,0.32,0.59,0.31,NULL,0.00,0.00,0.00,0.00,0.00,1.00,0.38,NULL,NULL,0.15,0.37,0.63,0.29
Stellaquo (Stella) 1,5951807,205,NULL,0.56,0.15,0.24,0.57,0.35,0.52,0.3,NULL,0.00,0.00,0.00,0.00,0.00,0.97,NULL,NULL,NULL,0.39,0.23,0.48,0.20
Stony Creek 1,5951809,315,NULL,0.51,0.25,0.17,0.68,0.35,0.63,0.29,0.23,0.00,0.00,0.00,0.00,0.00,0.98,0.23,NULL,NULL,0.27,0.29,0.49,0.38
Tache 1,5951810,400,NULL,0.51,0.24,0.21,0.60,0.31,0.57,0.3,0.20,0.03,0.00,0.00,0.00,0.00,1.00,0.48,NULL,NULL,0.12,0.33,0.47,0.44
Burns Lake 18,5951815,45,0.01,0.56,0.22,0.22,0.67,0.35,0.63,0.35,NULL,0.00,0.00,0.00,0.00,0.00,1.00,0.67,NULL,NULL,0.25,0.63,0.75,0.33
Cheslatta 1,5951818,85,NULL,0.47,0.18,0.29,0.60,0.33,0.69,0.35,NULL,0.00,0.00,0.00,0.00,0.00,1.00,0.33,NULL,NULL,0.31,0.15,0.31,0.50
Woyenne 27,5951827,245,0.17,0.45,0.29,0.14,0.71,0.36,0.69,0.27,NULL,0.00,0.00,0.00,0.00,0.00,0.98,0.27,NULL,NULL,0.38,0.21,0.46,0.22
Babine 6,5951828,90,NULL,0.61,0.11,0.28,0.73,0.36,0.67,0.26,NULL,0.00,0.00,0.00,0.00,0.00,0.94,NULL,NULL,NULL,0.15,0.15,0.46,0.33
Babine 25,5951829,115,0.02,0.52,0.26,0.17,0.61,0.32,0.47,0.36,NULL,0.00,0.00,0.00,0.00,0.00,0.96,0.33,NULL,NULL,0.29,0.24,0.35,0.67
North Tacla Lake,5951848,195,0.01,0.54,0.23,0.23,0.77,0.37,0.61,0.3,NULL,0.00,0.00,0.00,0.00,0.00,1.00,0.38,NULL,NULL,0.00,0.47,0.48,0.33
Valemount,5953007,1020,0.02,0.50,0.17,0.18,0.67,0.43,0.45,0.27,0.38,0.02,0.00,0.01,0.00,0.00,0.18,0.72,0.24,0.79,0.38,0.39,0.66,0.11
McBride,5953012,615,0.01,0.49,0.15,0.16,0.63,0.44,0.48,0.28,0.34,0.03,0.03,0.04,0.00,0.00,0.13,0.57,0.21,0.59,0.21,0.46,0.57,0.16
Fraser-Fort George H,5953019,1590,NULL,0.52,0.12,0.15,0.62,0.47,0.30,0.26,0.32,0.02,0.01,0.00,0.00,0.00,0.09,0.89,0.36,0.66,0.29,0.51,0.65,0.09
Prince George,5953023,74000,0.02,0.50,0.22,0.20,0.75,0.39,0.45,0.28,0.46,0.02,0.02,0.04,0.01,0.00,0.16,0.69,0.28,0.93,0.32,0.48,0.69,0.09
Mackenzie,5953033,3715,NULL,0.55,0.20,0.21,0.65,0.39,0.36,0.28,0.54,0.00,0.01,0.02,0.00,0.00,0.14,0.79,0.16,0.98,0.33,0.42,0.72,0.08
Fraser-Fort George A,5953038,3460,NULL,0.53,0.16,0.21,0.65,0.40,0.28,0.28,0.54,0.01,0.01,0.00,0.00,0.00,0.11,0.95,0.36,0.95,0.30,0.51,0.72,0.07
Fraser-Fort George C,5953042,3525,NULL,0.51,0.13,0.20,0.75,0.41,0.28,0.29,0.61,0.01,0.02,0.00,0.00,0.00,0.09,0.95,0.40,1.09,0.30,0.54,0.70,0.06
Fraser-Fort George D,5953044,4275,NULL,0.51,0.14,0.19,0.77,0.42,0.32,0.28,0.55,0.01,0.01,0.01,0.00,0.00,0.10,0.94,0.34,0.82,0.21,0.46,0.68,0.08
Fraser-Fort George E,5953046,525,NULL,0.54,0.10,0.20,0.57,0.46,0.35,0.28,0.37,0.00,0.00,0.00,0.00,0.00,0.13,0.78,0.19,0.67,0.20,0.36,0.51,0.18
Fraser-Fort George F,5953048,1250,NULL,0.54,0.14,0.20,0.66,0.43,0.34,0.27,0.58,0.01,0.00,0.00,0.00,0.00,0.10,0.90,0.24,0.59,0.20,0.55,0.63,0.13
Fraser-Fort George G,5953050,335,NULL,0.57,0.07,0.18,0.84,0.49,0.35,0.24,0.38,0.02,0.03,0.00,0.00,0.00,0.24,0.76,0.18,0.00,0.25,0.39,0.64,0.09
Fort George (Shelley) 2,5953801,105,NULL,0.48,0.14,0.24,0.66,0.36,0.56,0.3,NULL,0.00,0.00,0.00,0.00,0.00,0.95,0.33,NULL,NULL,0.12,0.41,0.63,0.40
McLeod Lake 1,5953802,85,NULL,0.47,0.18,0.41,0.96,0.42,0.57,0.26,NULL,0.00,0.00,0.00,0.00,0.00,0.94,0.25,NULL,NULL,0.21,0.57,0.73,0.00
Tumbler Ridge,5955003,1990,NULL,0.52,0.18,0.19,0.62,0.39,0.35,0.28,0.49,0.00,0.02,0.01,0.00,0.01,0.18,0.76,0.17,0.87,0.31,0.46,0.64,0.23
Pouce Coupe,5955005,790,0.04,0.51,0.22,0.18,0.61,0.37,0.43,0.28,0.46,0.01,0.00,0.00,0.01,0.00,0.33,0.85,0.28,0.80,0.28,0.43,0.70,0.14
Chetwynd,5955010,2505,NULL,0.51,0.27,0.19,0.65,0.35,0.43,0.29,0.53,0.02,0.05,0.00,0.00,0.00,0.20,0.69,0.27,0.95,0.37,0.42,0.74,0.14
Dawson Creek,5955014,12180,0.05,0.49,0.26,0.18,0.64,0.37,0.48,0.29,0.50,0.01,0.04,0.03,0.01,0.00,0.17,0.61,0.30,1.12,0.30,0.46,0.71,0.12
Peace River D,5955021,5920,NULL,0.52,0.16,0.19,0.75,0.40,0.30,0.28,0.59,0.01,0.00,0.00,0.00,0.00,0.12,0.89,0.41,1.03,0.30,0.47,0.71,0.12
Peace River E,5955023,2950,NULL,0.53,0.16,0.18,0.65,0.41,0.32,0.28,0.57,0.01,0.01,0.00,0.00,0.00,0.18,0.85,0.33,0.76,0.29,0.34,0.67,0.13
Hudson's Hope,5955025,1015,NULL,0.51,0.16,0.18,0.59,0.43,0.37,0.28,0.45,0.01,0.01,0.00,0.01,0.00,0.19,0.79,0.32,1.06,0.30,0.51,0.57,0.13
Taylor,5955030,1470,0.01,0.50,0.27,0.20,0.63,0.33,0.33,0.3,0.64,0.03,0.00,0.01,0.00,0.00,0.18,0.82,0.32,1.15,0.31,0.44,0.75,0.11
Fort St. John,5955034,20155,0.08,0.52,0.30,0.21,0.66,0.33,0.43,0.29,0.61,0.03,0.04,0.04,0.02,0.00,0.12,0.61,0.39,1.27,0.33,0.48,0.79,0.11
Peace River B,5955040,5625,NULL,0.52,0.18,0.17,0.52,0.32,0.29,0.35,0.52,0.00,0.00,0.00,0.00,0.00,0.04,0.89,0.44,0.82,0.23,0.25,0.70,0.10
Peace River C,5955042,6770,NULL,0.52,0.17,0.21,0.72,0.38,0.31,0.3,0.71,0.01,0.01,0.00,0.00,0.00,0.12,0.86,0.58,1.24,0.29,0.45,0.72,0.11
East Moberly Lake 169,5955801,380,NULL,0.49,0.18,0.20,0.59,0.32,0.54,0.31,0.37,0.03,0.00,0.00,0.00,0.00,0.93,0.12,NULL,NULL,0.23,0.34,0.55,0.19
West Moberly Lake 168A,5955802,140,NULL,0.46,0.25,0.21,0.64,0.28,0.63,0.38,NULL,0.00,0.00,0.00,0.00,0.00,0.89,NULL,NULL,NULL,0.26,0.37,0.63,0.25
Blueberry River 205,5955803,195,NULL,0.51,0.26,0.23,0.69,0.32,0.66,0.33,NULL,0.00,0.00,0.00,0.00,0.00,0.95,0.31,NULL,NULL,0.22,0.13,0.44,0.36
Doig River 206,5955804,115,NULL,0.48,0.17,0.17,0.70,0.38,0.75,0.27,NULL,0.00,0.00,0.00,0.00,0.00,0.83,0.18,NULL,NULL,0.10,0.40,0.65,0.23
Fort Ware 1,5955807,335,0.01,0.54,0.19,0.18,0.52,0.30,0.51,0.31,0.20,0.00,0.00,0.00,0.00,0.00,0.97,0.41,NULL,NULL,0.11,0.07,0.58,0.27
Halfway River 168,5955808,170,NULL,0.53,0.24,0.26,0.65,0.32,0.68,0.3,NULL,0.00,0.00,0.00,0.00,0.00,0.97,0.17,NULL,NULL,0.19,0.19,0.46,0.25
Ingenika Point,5955812,235,NULL,0.51,0.26,0.15,0.59,0.33,0.53,0.38,NULL,0.00,0.00,0.00,0.00,0.00,0.98,0.40,NULL,NULL,0.09,0.21,0.71,0.29
Stikine Region,5957022,480,NULL,0.51,0.20,0.18,0.67,0.46,0.36,0.24,0.39,0.02,0.00,0.00,0.00,0.00,0.31,0.80,0.28,0.66,0.20,0.55,0.60,0.22
Five Mile Point 3,5957803,115,NULL,0.61,0.26,0.22,0.83,0.39,0.60,0.25,NULL,0.00,0.00,0.00,0.00,0.00,0.96,0.20,NULL,NULL,0.15,0.45,0.60,0.33
Lower Post,5957813,80,0.01,0.56,0.19,0.06,0.64,0.41,0.54,0.24,NULL,0.13,0.00,0.00,0.00,0.00,1.00,NULL,NULL,NULL,0.14,0.29,0.77,0.20
Liard River 3,5957814,35,NULL,0.43,0.29,0.29,1.00,0.36,0.57,0.2,NULL,NULL,NULL,NULL,NULL,NULL,NULL,NULL,NULL,NULL,NULL,NULL,NULL,NULL
Northern Rockies,5959007,4830,NULL,0.53,0.22,0.22,0.68,0.36,0.38,0.29,0.60,0.01,0.05,0.01,0.01,0.00,0.19,0.71,0.29,0.97,0.24,0.43,0.75,0.13
Fort Nelson 2,5959806,450,NULL,0.54,0.21,0.22,0.65,0.36,0.54,0.3,0.34,0.00,0.00,0.00,0.00,0.00,0.90,0.52,NULL,NULL,0.21,0.26,0.50,0.39
Prophet River 4,5959810,110,NULL,0.64,0.23,0.23,0.72,0.36,0.65,0.3,NULL,0.00,0.00,0.00,0.00,0.00,0.95,0.18,NULL,NULL,0.22,0.28,0.61,0.36
